Workbook

Sheet 입출고현황_백업
B2: ■ 구매자재팀 입출고 현황표
J3: 입고수량 | P3: 출고수량
J4: =SUBTOTAL(9,J7:J1048576) -> 42063 | P4: =SUBTOTAL(9,P7:P1048576) -> 4970
B5: 입고 | N5: 출고
B6: NO | C6: 구분 | D6: 사급 | E6: NEW | F6: 업체 | G6: 담당자 | H6: 품번 | I6: 품명 | J6: 수량 | K6: REV | L6: 위치 | M6: 일자 | N6: 담당자 | O6: 예약번호 | P6: 출고수량 | Q6: 출고일 | R6: 잔여수량
B7: 261 | C7: 가용재고 | E7: 기초 | H7: RA-08M-1887 | I7: =VLOOKUP(H7,위치!B:C,2,0) -> RA-08M-1887]FRM Bas CEPH (VW) | J7: 0 | L7: =VLOOKUP(H7,위치!B:D,3,0) -> E4-2 | M7: 46232 | R7: =J7-P7 -> 0
B8: 195 | C8: 가용재고 | E8: 기초 | H8: RA-08M-2677 | I8: =VLOOKUP(H8,위치!B:C,2,0) -> RA-08M-2677]DRUM SCAN CEPH HEADREST (VW) | J8: 0 | L8: =VLOOKUP(H8,위치!B:D,3,0) -> E2-2 | M8: 46232 | R8: =J8-P8 -> 0
B9: 196 | C9: 가용재고 | E9: 기초 | H9: RA-08M-2679 | I9: =VLOOKUP(H9,위치!B:C,2,0) -> RA-08M-2679]SHAFT CEPH AXIS BODY (VW) | J9: 0 | L9: =VLOOKUP(H9,위치!B:D,3,0) -> E1-2 | M9: 46232 | R9: =J9-P9 -> 0
B10: 197 | C10: 가용재고 | E10: 기초 | H10: RA-08M-2705 | I10: =VLOOKUP(H10,위치!B:C,2,0) -> RA-08M-2705]BLK CEPH AXIS BODY TOP (VW) | J10: 0 | L10: =VLOOKUP(H10,위치!B:D,3,0) -> E1-2 | M10: 46232 | R10: =J10-P10 -> 0
B11: 199 | C11: 가용재고 | E11: 기초 | H11: RA-08M-2707 | I11: =VLOOKUP(H11,위치!B:C,2,0) -> RA-08M-2707]BLK CEPH AXIS BODY REAR (VW) | J11: 0 | L11: =VLOOKUP(H11,위치!B:D,3,0) -> E1-2 | M11: 46232 | R11: =J11-P11 -> 0
B12: 263 | C12: 가용재고 | E12: 기초 | H12: RA-08M-2673 | I12: =VLOOKUP(H12,위치!B:C,2,0) -> RA-08M-2673]BRK CEPH AXIS BODY (VW) | J12: 0 | L12: =VLOOKUP(H12,위치!B:D,3,0) -> E2-2 | M12: 46232 | R12: =J12-P12 -> 0
B13: 169 | C13: 가용재고 | H13: RF-01B-5073 | I13: =VLOOKUP(H13,위치!B:C,2,0) -> RF-01B-5073]DMD FPC Cable | J13: 1 | L13: =VLOOKUP(H13,위치!B:D,3,0) -> A5-3 | M13: 46226 | R13: =J13-P13 -> 1
B14: 306 | C14: 가용재고 | H14: RA-08T-0177 | I14: =VLOOKUP(H14,위치!B:C,2,0) -> 0 | J14: 1 | L14: =VLOOKUP(H14,위치!B:D,3,0) -> S | M14: 46232 | R14: =J14-P14 -> 1
B15: 311 | C15: 가용재고 | H15: RA-08M-0623 | I15: =VLOOKUP(H15,위치!B:C,2,0) -> RA-08M-0623]PIN STOPPER | J15: 1 | L15: =VLOOKUP(H15,위치!B:D,3,0) -> E2-1 | M15: 46232 | R15: =J15-P15 -> 1
B16: 188 | C16: 가용재고 | H16: RF-01H-5052 | I16: =VLOOKUP(H16,위치!B:C,2,0) -> RF-01H-5052]USB TO SBC HARNESS | J16: 2 | L16: =VLOOKUP(H16,위치!B:D,3,0) -> 3S3-4 | M16: 46230 | R16: =J16-P16 -> 2
B17: 190 | C17: 가용재고 | H17: RF-01H-5054 | I17: =VLOOKUP(H17,위치!B:C,2,0) -> RF-01H-5054]DLP Power harness | J17: 2 | L17: =VLOOKUP(H17,위치!B:D,3,0) -> 3S3-4 | M17: 46230 | R17: =J17-P17 -> 2
B18: 153 | C18: 가용재고 | H18: RF-01H-5069 | I18: =VLOOKUP(H18,위치!B:C,2,0) -> RF-01H-5069]LED_Bottom harness | J18: 3 | L18: =VLOOKUP(H18,위치!B:D,3,0) -> 3S3-5 | M18: 46224 | R18: =J18-P18 -> 3
B19: 191 | C19: 가용재고 | H19: RF-01H-5055 | I19: =VLOOKUP(H19,위치!B:C,2,0) -> RF-01H-5055]LED Power harness | J19: 3 | L19: =VLOOKUP(H19,위치!B:D,3,0) -> 3S3-4 | M19: 46230 | R19: =J19-P19 -> 3
B20: 300 | C20: 가용재고 | H20: RA-08A-0611 | I20: =VLOOKUP(H20,위치!B:C,2,0) -> RA-08A-0611]ASM EARLOD Mdl | J20: 3 | L20: =VLOOKUP(H20,위치!B:D,3,0) -> E1-6 | M20: 46232 | R20: =J20-P20 -> 3
B21: 157 | C21: 가용재고 | H21: RF-01T-0354 | I21: =VLOOKUP(H21,위치!B:C,2,0) -> RF-01T-0354]CAMERA CASE L | J21: 4 | L21: =VLOOKUP(H21,위치!B:D,3,0) -> 3E9 | M21: 46224 | R21: =J21-P21 -> 4
B22: 189 | C22: 가용재고 | H22: RF-01H-5053 | I22: =VLOOKUP(H22,위치!B:C,2,0) -> RF-01H-5053]USB to PC harness | J22: 5 | L22: =VLOOKUP(H22,위치!B:D,3,0) -> 3S3-4 | M22: 46230 | R22: =J22-P22 -> 5
B23: 193 | C23: 가용재고 | H23: RF-01H-5067 | I23: =VLOOKUP(H23,위치!B:C,2,0) -> RF-01H-5067]LED_Right harness | J23: 5 | L23: =VLOOKUP(H23,위치!B:D,3,0) -> 3S3-5 | M23: 46230 | R23: =J23-P23 -> 5
B24: 194 | C24: 가용재고 | H24: RF-01H-5075 | I24: =VLOOKUP(H24,위치!B:C,2,0) -> RF-01H-5075] USB to Cal kit harness | J24: 5 | L24: =VLOOKUP(H24,위치!B:D,3,0) -> 3S3-6 | M24: 46230 | R24: =J24-P24 -> 5
... B141: 162 | C141: 가용재고 | H141: RF-09P-0271 | I141: =VLOOKUP(H141,위치!B:C,2,0) -> RF-09P-0271]MIRROR PROTIVE FILM | J141: 1553 | L141: =VLOOKUP(H141,위치!B:D,3,0) -> 3S3-1 | M141: 46224 | R141: =J141-P141 -> 1553
B142: 198 | C142: 출고재고 | E142: 기초 | H142: RA-08M-2706 | I142: =VLOOKUP(H142,위치!B:C,2,0) -> RA-08M-2706]BLK CEPH AXIS BODY FRONT(VW | J142: 7 | L142: =VLOOKUP(H142,위치!B:D,3,0) -> E1-2 | M142: 46232 | N142: 이행찬 | O142: 87119 | P142: 1 | Q142: 46232 | R142: =J142-P142 -> 6
B143: 200 | C143: 출고재고 | E143: 기초 | H143: RA-08M-2708 | I143: =VLOOKUP(H143,위치!B:C,2,0) -> RA-08M-2708]SHAFT CEPH AXIS BODY (VW) | J143: 7 | L143: =VLOOKUP(H143,위치!B:D,3,0) -> E1-2 | M143: 46232 | N143: 이행찬 | O143: 87119 | P143: 1 | Q143: 46232 | R143: =J143-P143 -> 6
B144: 201 | C144: 출고재고 | E144: 기초 | H144: RA-08V-0170 | I144: =VLOOKUP(H144,위치!B:C,2,0) -> RA-08V-0170]CVR MOUNT CEPH ARM | J144: 98 | L144: =VLOOKUP(H144,위치!B:D,3,0) -> E2-3 | M144: 46232 | N144: 이행찬 | O144: 87119 | P144: 1 | Q144: 46232 | R144: =J144-P144 -> 97
B145: 202 | C145: 출고재고 | E145: 기초 | H145: RA-08V-0173 | I145: =VLOOKUP(H145,위치!B:C,2,0) -> RA-08V-0173]DECO CEPH ARM | J145: 91 | L145: =VLOOKUP(H145,위치!B:D,3,0) -> E2-3 | M145: 46232 | N145: 이행찬 | O145: 87119 | P145: 1 | Q145: 46232 | R145: =J145-P145 -> 90
B146: 203 | C146: 출고재고 | E146: 기초 | H146: RA-08V-0181 | I146: =VLOOKUP(H146,위치!B:C,2,0) -> RA-08V-0181]BLK CEPH ARM FIX | J146: 102 | L146: =VLOOKUP(H146,위치!B:D,3,0) -> E2-3 | M146: 46232 | N146: 이행찬 | O146: 87119 | P146: 1 | Q146: 46232 | R146: =J146-P146 -> 101
B147: 205 | C147: 출고재고 | E147: 기초 | H147: RA-08V-0604 | I147: =VLOOKUP(H147,위치!B:C,2,0) -> RA-08V-0604]STOPPER SCAN CEPH | J147: 27 | L147: =VLOOKUP(H147,위치!B:D,3,0) -> E1-3 | M147: 46232 | N147: 이행찬 | O147: 87119 | P147: 1 | Q147: 46232 | R147: =J147-P147 -> 26
B148: 206 | C148: 출고재고 | E148: 기초 | H148: RA-08M-0620 | I148: =VLOOKUP(H148,위치!B:C,2,0) -> RA-08M-0620]PLT CEPH _4HEAD | J148: 99 | L148: =VLOOKUP(H148,위치!B:D,3,0) -> E2-1 | M148: 46232 | N148: 이행찬 | O148: 87119 | P148: 1 | Q148: 46232 | R148: =J148-P148 -> 98
B149: 207 | C149: 출고재고 | E149: 기초 | H149: RA-08V-0621 | I149: =VLOOKUP(H149,위치!B:C,2,0) -> RA-08V-0621]PLT WASHER FIX | J149: 27 | L149: =VLOOKUP(H149,위치!B:D,3,0) -> E1-3 | M149: 46232 | N149: 이행찬 | O149: 87119 | P149: 1 | Q149: 46232 | R149: =J149-P149 -> 26
B150: 208 | C150: 출고재고 | E150: 기초 | H150: RA-08V-0737 | I150: =VLOOKUP(H150,위치!B:C,2,0) -> RA-08V-0737]CVR OC HEADREST BOT | J150: 20 | L150: =VLOOKUP(H150,위치!B:D,3,0) -> F1 | M150: 46232 | N150: 이행찬 | O150: 87119 | P150: 1 | Q150: 46232 | R150: =J150-P150 -> 19
B151: 209 | C151: 출고재고 | E151: 기초 | H151: RA-08V-0974 | I151: =VLOOKUP(H151,위치!B:C,2,0) -> RA-08V-0974]BRK WIRE MOUNT | J151: 21 | L151: =VLOOKUP(H151,위치!B:D,3,0) -> E1-3 | M151: 46232 | N151: 이행찬 | O151: 87119 | P151: 1 | Q151: 46232 | R151: =J151-P151 -> 20
B152: 210 | C152: 출고재고 | E152: 기초 | H152: RA-08V-1872 | I152: =VLOOKUP(H152,위치!B:C,2,0) -> RA-08V-1872]BLK MOUNT OCG SNSR (VW) | J152: 18 | L152: =VLOOKUP(H152,위치!B:D,3,0) -> E2-5 | M152: 46232 | N152: 이행찬 | O152: 87119 | P152: 1 | Q152: 46232 | R152: =J152-P152 -> 17
B153: 211 | C153: 출고재고 | E153: 기초 | H153: RA-08V-2662 | I153: =VLOOKUP(H153,위치!B:C,2,0) -> RA-08V-2662]HOOK CAS CEPH SNSR (R) | J153: 20 | L153: =VLOOKUP(H153,위치!B:D,3,0) -> E2-5 | M153: 46232 | N153: 이행찬 | O153: 87119 | P153: 1 | Q153: 46232 | R153: =J153-P153 -> 19
... B205: 167 | C205: 출고재고 | E205: 기초추가 | H205: RF-01B-5073 | I205: =VLOOKUP(H205,위치!B:C,2,0) -> RF-01B-5073]DMD FPC Cable | J205: 51 | L205: =VLOOKUP(H205,위치!B:D,3,0) -> A5-3 | M205: 46226 | N205: 이행찬 | O205: 84393 | P205: 50 | Q205: 46226 | R205: =J205-P205 -> 1
B206: 138 | C206: 출고재고 | H206: RF-01S-5050 | I206: =VLOOKUP(H206,위치!B:C,2,0) -> RF-01S-5050]TEETH LENS | J206: 123 | L206: =VLOOKUP(H206,위치!B:D,3,0) -> 3L4-2 | M206: 46224 | N206: 이행찬 | O206: 84393 | P206: 50 | Q206: 46226 | R206: =J206-P206 -> 73
B207: 139 | C207: 출고재고 | H207: RF-01M-0268 | I207: =VLOOKUP(H207,위치!B:C,2,0) -> RF-01M-0268]TEETH CAM BLK_HR | J207: 50 | L207: =VLOOKUP(H207,위치!B:D,3,0) -> 3S2-1 | M207: 46224 | N207: 이행찬 | O207: 84393 | P207: 50 | Q207: 46226 | R207: =J207-P207 -> 0
B208: 141 | C208: 출고재고 | H208: RF-01S-5083 | I208: =VLOOKUP(H208,위치!B:C,2,0) -> RF-01S-5083]CAM Trigger_L-R harness | J208: 158 | L208: =VLOOKUP(H208,위치!B:D,3,0) -> 3L3-3 | M208: 46224 | N208: 이행찬 | O208: 84393 | P208: 50 | Q208: 46226 | R208: =J208-P208 -> 108
B209: 142 | C209: 출고재고 | H209: RF-01T-0353 | I209: =VLOOKUP(H209,위치!B:C,2,0) -> RF-01T-0353]WINDOW LED | J209: 75 | L209: =VLOOKUP(H209,위치!B:D,3,0) -> 3E9 | M209: 46224 | N209: 이행찬 | O209: 84393 | P209: 50 | Q209: 46226 | R209: =J209-P209 -> 25
B210: 144 | C210: 출고재고 | H210: RF-01B-5037 | I210: =VLOOKUP(H210,위치!B:C,2,0) -> RF-01B-5037] LED SIDE BOARD_REV2 | J210: 208 | L210: =VLOOKUP(H210,위치!B:D,3,0) -> A5-4 | M210: 46224 | N210: 이행찬 | O210: 84393 | P210: 50 | Q210: 46226 | R210: =J210-P210 -> 158
B211: 146 | C211: 출고재고 | H211: RF-01T-0173 | I211: =VLOOKUP(H211,위치!B:C,2,0) -> RF-01T-0173]ARM CVR REAR DECO | J211: 190 | L211: =VLOOKUP(H211,위치!B:D,3,0) -> 3B8 | M211: 46224 | N211: 이행찬 | O211: 84393 | P211: 50 | Q211: 46226 | R211: =J211-P211 -> 140
B212: 147 | C212: 출고재고 | H212: RF-01T-0356 | I212: =VLOOKUP(H212,위치!B:C,2,0) -> RF-01T-0356]RUBBER CAP ARM | J212: 159 | L212: =VLOOKUP(H212,위치!B:D,3,0) -> 3L4-2 | M212: 46224 | N212: 이행찬 | O212: 84393 | P212: 50 | Q212: 46226 | R212: =J212-P212 -> 109
B213: 168 | C213: 출고재고 | E213: 기초 | H213: RF-01S-5094 | I213: =VLOOKUP(H213,위치!B:C,2,0) -> 0 | J213: 50 | L213: =VLOOKUP(H213,위치!B:D,3,0) -> 3F10 | M213: 46226 | N213: 이행찬 | O213: 84393 | P213: 50 | Q213: 46226 | R213: =J213-P213 -> 0
B214: 135 | C214: 출고재고 | H214: RF-01S-5097 | I214: =VLOOKUP(H214,위치!B:C,2,0) -> 0 | J214: 59 | L214: =VLOOKUP(H214,위치!B:D,3,0) -> 3F2 | M214: 46224 | N214: 이행찬 | O214: 84393 | P214: 59 | Q214: 46226 | R214: =J214-P214 -> 0
B215: 1 | C215: 출고재고 | E215: 기초 | H215: RF-01M-0256 | I215: =VLOOKUP(H215,위치!B:C,2,0) -> USB HOLDER FRONT | J215: 172 | L215: =VLOOKUP(H215,위치!B:D,3,0) -> 3L4-4 | M215: 46224 | N215: 이행찬 | O215: 84393 | P215: 100 | Q215: 46224 | R215: =J215-P215 -> 72
B216: 2 | C216: 출고재고 | E216: 기초 | H216: RF-01V-0293 | I216: =VLOOKUP(H216,위치!B:C,2,0) -> RF-01V-0293]BRK USB HLDR | J216: 100 | L216: =VLOOKUP(H216,위치!B:D,3,0) -> 3L18-1 | M216: 46224 | N216: 이행찬 | O216: 84393 | P216: 100 | Q216: 46224 | R216: =J216-P216 -> 0
B217: 3 | C217: 출고재고 | E217: 기초 | H217: RF-01T-0190 | I217: =VLOOKUP(H217,위치!B:C,2,0) -> RF-01T-0190]CVR FRONT | J217: 141 | L217: =VLOOKUP(H217,위치!B:D,3,0) -> 3F4 | M217: 46224 | N217: 이행찬 | O217: 84393 | P217: 50 | Q217: 46224 | R217: =J217-P217 -> 91
B218: 4 | C218: 출고재고 | E218: 기초 | H218: RF-01T-0255 | I218: =VLOOKUP(H218,위치!B:C,2,0) -> RF-01T-0255]CVR FRONT MID R | J218: 209 | L218: =VLOOKUP(H218,위치!B:D,3,0) -> 3L3-1 | M218: 46224 | N218: 이행찬 | O218: 84393 | P218: 50 | Q218: 46224 | R218: =J218-P218 -> 159
B219: 5 | C219: 출고재고 | E219: 기초 | H219: RF-01T-0210 | I219: =VLOOKUP(H219,위치!B:C,2,0) -> RF-01T-0210]CVR FRONT MID L | J219: 209 | L219: =VLOOKUP(H219,위치!B:D,3,0) -> 3L3-1 | M219: 46224 | N219: 이행찬 | O219: 84393 | P219: 50 | Q219: 46224 | R219: =J219-P219 -> 159
B220: 6 | C220: 출고재고 | E220: 기초 | H220: RF-01V-0208 | I220: =VLOOKUP(H220,위치!B:C,2,0) -> RF-01V-0208]FRONT FRM | J220: 151 | L220: =VLOOKUP(H220,위치!B:D,3,0) -> 3C10 | M220: 46224 | N220: 이행찬 | O220: 84393 | P220: 50 | Q220: 46224 | R220: =J220-P220 -> 101
B221: 7 | C221: 출고재고 | E221: 기초 | H221: RF-01B-5036 | I221: =VLOOKUP(H221,위치!B:C,2,0) -> RF-01B-5036] LED CENTER BOARD | J221: 467 | L221: =VLOOKUP(H221,위치!B:D,3,0) -> A16 | M221: 46224 | N221: 이행찬 | O221: 84393 | P221: 50 | Q221: 46224 | R221: =J221-P221 -> 417
B222: 8 | C222: 출고재고 | E222: 기초 | H222: RF-01M-0200 | I222: =VLOOKUP(H222,위치!B:C,2,0) -> RF-01M-0200]MIRROR PLT | J222: 110 | L222: =VLOOKUP(H222,위치!B:D,3,0) -> 3L4-3 | M222: 46224 | N222: 이행찬 | O222: 84393 | P222: 50 | Q222: 46224 | R222: =J222-P222 -> 60
B223: 9 | C223: 출고재고 | E223: 기초 | H223: RF-01G-0252 | I223: =VLOOKUP(H223,위치!B:C,2,0) -> RF-01G-0252]MOLDING FRONT MIRROR | J223: 1071 | L223: =VLOOKUP(H223,위치!B:D,3,0) -> 3S3-1 | M223: 46224 | N223: 이행찬 | O223: 84393 | P223: 50 | Q223: 46224 | R223: =J223-P223 -> 1021
B224: 10 | C224: 출고재고 | E224: 기초 | H224: RF-01S-5085 | I224: =VLOOKUP(H224,위치!B:C,2,0) -> RF-01S-5085]FACE CAM | J224: 107 | L224: =VLOOKUP(H224,위치!B:D,3,0) -> 3F9 | M224: 46224 | N224: 이행찬 | O224: 84393 | P224: 50 | Q224: 46224 | R224: =J224-P224 -> 57
B225: 11 | C225: 출고재고 | E225: 기초 | H225: RF-01T-0160 | I225: =VLOOKUP(H225,위치!B:C,2,0) -> RF-01T-0160_C]Bas BOT LWR | J225: 95 | L225: =VLOOKUP(H225,위치!B:D,3,0) -> 3B6 | M225: 46224 | N225: 이행찬 | O225: 84393 | P225: 50 | Q225: 46224 | R225: =J225-P225 -> 45
B226: 12 | C226: 출고재고 | E226: 기초 | H226: RF-01S-0251 | I226: =VLOOKUP(H226,위치!B:C,2,0) -> RF-01S-0251]CAL Mgnet | J226: 43 | L226: =VLOOKUP(H226,위치!B:D,3,0) -> 3L4-3 | M226: 46224 | N226: 이행찬 | O226: 84393 | P226: 43 | Q226: 46224 | R226: =J226-P226 -> 0
... B305: 187 | C305: 출고재고 | E305: 입고 | H305: RF-01H-5075 | I305: =VLOOKUP(H305,위치!B:C,2,0) -> RF-01H-5075] USB to Cal kit harness | J305: 12 | L305: =VLOOKUP(H305,위치!B:D,3,0) -> 3S3-6 | M305: 46227 | N305: 이행찬 | O305: 84393 | P305: 7 | Q305: 46230 | R305: =J305-P305 -> 5
B306: 327 | C306: 가용재고 | E306: 입고 | H306: RF-01H-5056 | I306: =VLOOKUP(H306,위치!B:C,2,0) -> RF-01H-5056]LED PWM harness | J306: 100 | L306: =VLOOKUP(H306,위치!B:D,3,0) -> 3S3-4 | M306: 46232 | R306: =J306-P306 -> 100
B307: 328 | C307: 가용재고 | E307: 입고 | H307: RF-01T-0355 | I307: =VLOOKUP(H307,위치!B:C,2,0) -> RF-01T-0355]CAMERA CASE R | J307: 200 | L307: =VLOOKUP(H307,위치!B:D,3,0) -> 3E9 | M307: 46230 | R307: =J307-P307 -> 200
B308: 706 | C308: 가용재고 | E308: 입고 | H308: RF-01T-0352 | I308: =VLOOKUP(H308,위치!B:C,2,0) -> RF-01T-0352]CAMERA CASE B | J308: 200 | L308: =VLOOKUP(H308,위치!B:D,3,0) -> 3E9 | M308: 46230 | R308: =J308-P308 -> 200
B309: 330 | C309: 가용재고 | E309: 입고 | H309: RF-01T-0354 | I309: =VLOOKUP(H309,위치!B:C,2,0) -> RF-01T-0354]CAMERA CASE L | J309: 200 | L309: =VLOOKUP(H309,위치!B:D,3,0) -> 3E9 | M309: 46230 | R309: =J309-P309 -> 200
B310: 331 | C310: 출고재고 | E310: 입고 | H310: RA-08M-2679 | I310: =VLOOKUP(H310,위치!B:C,2,0) -> RA-08M-2679]SHAFT CEPH AXIS BODY (VW) | J310: 5 | L310: =VLOOKUP(H310,위치!B:D,3,0) -> E1-2 | M310: 46233 | N310: 이행찬 | O310: 87119 | P310: 1 | Q310: 46233 | R310: =J310-P310 -> 4
B311: 332 | C311: 출고재고 | E311: 입고 | H311: RA-08M-2705 | I311: =VLOOKUP(H311,위치!B:C,2,0) -> RA-08M-2705]BLK CEPH AXIS BODY TOP (VW) | J311: 5 | L311: =VLOOKUP(H311,위치!B:D,3,0) -> E1-2 | M311: 46233 | N311: 이행찬 | O311: 87119 | P311: 1 | Q311: 46233 | R311: =J311-P311 -> 4
B312: 333 | C312: 출고재고 | E312: 입고 | H312: RA-08M-2707 | I312: =VLOOKUP(H312,위치!B:C,2,0) -> RA-08M-2707]BLK CEPH AXIS BODY REAR (VW) | J312: 5 | L312: =VLOOKUP(H312,위치!B:D,3,0) -> E1-2 | M312: 46233 | N312: 이행찬 | O312: 87119 | P312: 1 | Q312: 46233 | R312: =J312-P312 -> 4
B313: 334 | C313: 출고재고 | E313: 불량 대체품 | H313: RA-08M-1887 | I313: =VLOOKUP(H313,위치!B:C,2,0) -> RA-08M-1887]FRM Bas CEPH (VW) | J313: 3 | L313: =VLOOKUP(H313,위치!B:D,3,0) -> E4-2 | M313: 46233 | N313: 이행찬 | O313: 87119 | P313: 1 | Q313: 46233 | R313: =J313-P313 -> 2
B314: 335 | C314: 가용재고 | H314: RA-08M-2679 | I314: =VLOOKUP(H314,위치!B:C,2,0) -> RA-08M-2679]SHAFT CEPH AXIS BODY (VW) | J314: 4 | L314: =VLOOKUP(H314,위치!B:D,3,0) -> E1-2 | M314: 46233 | R314: =J314-P314 -> 4
B315: 336 | C315: 가용재고 | H315: RA-08M-2705 | I315: =VLOOKUP(H315,위치!B:C,2,0) -> RA-08M-2705]BLK CEPH AXIS BODY TOP (VW) | J315: 4 | L315: =VLOOKUP(H315,위치!B:D,3,0) -> E1-2 | M315: 46233 | R315: =J315-P315 -> 4
B316: 337 | C316: 가용재고 | H316: RA-08M-2707 | I316: =VLOOKUP(H316,위치!B:C,2,0) -> RA-08M-2707]BLK CEPH AXIS BODY REAR (VW) | J316: 4 | L316: =VLOOKUP(H316,위치!B:D,3,0) -> E1-2 | M316: 46233 | R316: =J316-P316 -> 4
B317: 338 | C317: 가용재고 | H317: RA-08M-1887 | I317: =VLOOKUP(H317,위치!B:C,2,0) -> RA-08M-1887]FRM Bas CEPH (VW) | J317: 2 | L317: =VLOOKUP(H317,위치!B:D,3,0) -> E4-2 | M317: 46233 | R317: =J317-P317 -> 2
B318: 339 | C318: 출고재고 | E318: 입고 | H318: RF-01T-0196 | I318: =VLOOKUP(H318,위치!B:C,2,0) -> RF-01T-0196]CVR REAR | J318: 288 | L318: =VLOOKUP(H318,위치!B:D,3,0) -> 3I5 | M318: 46233 | N318: 이행찬 | O318: 73781 | P318: 7 | Q318: 46233 | R318: =J318-P318 -> 281
B319: 340 | C319: 출고재고 | H319: RF-01T-0196 | I319: =VLOOKUP(H319,위치!B:C,2,0) -> RF-01T-0196]CVR REAR | J319: 281 | L319: =VLOOKUP(H319,위치!B:D,3,0) -> 3I5 | M319: 46233 | N319: 이행찬 | O319: 84393 | P319: 50 | Q319: 46233 | R319: =J319-P319 -> 231
B320: 341 | C320: 가용재고 | H320: RF-01T-0196 | I320: =VLOOKUP(H320,위치!B:C,2,0) -> RF-01T-0196]CVR REAR | J320: 231 | L320: =VLOOKUP(H320,위치!B:D,3,0) -> 3I5 | M320: 46233 | R320: =J320-P320 -> 231
B321: 342 | I321: =VLOOKUP(H321,위치!B:C,2,0) -> #N/A | L321: =VLOOKUP(H321,위치!B:D,3,0) -> #N/A | R321: =J321-P321 -> 0
B322: 343 | I322: =VLOOKUP(H322,위치!B:C,2,0) -> #N/A | L322: =VLOOKUP(H322,위치!B:D,3,0) -> #N/A | R322: =J322-P322 -> 0
B323: 344 | I323: =VLOOKUP(H323,위치!B:C,2,0) -> #N/A | L323: =VLOOKUP(H323,위치!B:D,3,0) -> #N/A | R323: =J323-P323 -> 0
B324: 345 | I324: =VLOOKUP(H324,위치!B:C,2,0) -> #N/A | L324: =VLOOKUP(H324,위치!B:D,3,0) -> #N/A | R324: =J324-P324 -> 0
B325: 346 | I325: =VLOOKUP(H325,위치!B:C,2,0) -> #N/A | L325: =VLOOKUP(H325,위치!B:D,3,0) -> #N/A | R325: =J325-P325 -> 0
B326: 347 | I326: =VLOOKUP(H326,위치!B:C,2,0) -> #N/A | L326: =VLOOKUP(H326,위치!B:D,3,0) -> #N/A | R326: =J326-P326 -> 0
B327: 348 | I327: =VLOOKUP(H327,위치!B:C,2,0) -> #N/A | L327: =VLOOKUP(H327,위치!B:D,3,0) -> #N/A | R327: =J327-P327 -> 0
B328: 349 | I328: =VLOOKUP(H328,위치!B:C,2,0) -> #N/A | L328: =VLOOKUP(H328,위치!B:D,3,0) -> #N/A | R328: =J328-P328 -> 0
B329: 350 | I329: =VLOOKUP(H329,위치!B:C,2,0) -> #N/A | L329: =VLOOKUP(H329,위치!B:D,3,0) -> #N/A | R329: =J329-P329 -> 0
B330: 351 | I330: =VLOOKUP(H330,위치!B:C,2,0) -> #N/A | L330: =VLOOKUP(H330,위치!B:D,3,0) -> #N/A | R330: =J330-P330 -> 0
B331: 352 | I331: =VLOOKUP(H331,위치!B:C,2,0) -> #N/A | L331: =VLOOKUP(H331,위치!B:D,3,0) -> #N/A | R331: =J331-P331 -> 0
B332: 353 | I332: =VLOOKUP(H332,위치!B:C,2,0) -> #N/A | L332: =VLOOKUP(H332,위치!B:D,3,0) -> #N/A | R332: =J332-P332 -> 0
... B2198: 2224 | I2198: =VLOOKUP(H2198,위치!B:C,2,0) -> #N/A | L2198: =VLOOKUP(H2198,위치!B:D,3,0) -> #N/A | R2198: =J2198-P2198 -> 0

Sheet 현수량 현황표
A1: 구분 | B1: 가용재고
A3: 합계 : 수량
A4: 품번 | B4: 위치 | C4: 요약
A5: C16-635ZZ | C5: 100
A6: RA-01T-1790 | C6: 220
A7: RA-01T-1791 | C7: 348
A8: RA-02A-2008 | C8: 396
A9: RA-02A-2020 | C9: 107
A10: RA-02A-2031 | C10: 117
A11: RA-02A-2280 | C11: 217
A12: RA-02A-2303 | C12: 119
A13: RA-02A-2622 | C13: 423
A14: RA-02A-2711 | C14: 108
A15: RA-02A-2712 | C15: 118
A16: RA-02A-2740 | C16: 0
... A42: RA-03A-0050 | C42: 244
A43: RA-03A-0287 | B43: B1-4 | C43: 28
A44: RA-03A-0314 | C44: 337
A45: RA-03A-0315 | C45: 449
A46: RA-03A-6046 | C46: 304
A47: RA-03M-2064 | C47: 134
A48: RA-03M-2193 | C48: 106
A49: RA-03S-5013 | C49: 497
A50: RA-03S-5176 | C50: 245
A51: RA-03S-6009A | C51: 139
A52: RA-03S-6025 | C52: 76
A53: RA-03S-6045 | B53: A12-4 | C53: 35
A54: RA-03T-0072 | C54: 496
A55: RA-03T-0076 | B55: S | C55: 360
A56: RA-03T-1992 | C56: 185
A57: RA-03T-3865 | C57: 47
A58: RA-03T-3870 | C58: 32
A59: RA-03V-0054 | C59: 75
A60: RA-03V-0055 | B60: L1-2 | C60: 28
A61: RA-03V-0062 | C61: 0
A62: RA-03V-1639 | C62: 18
A63: RA-03V-1908 | C63: 114
A64: RA-03V-1909 | C64: 40
A65: RA-03V-1991 | C65: 115
A66: RA-04A-1926 | C66: 106
A67: RA-04A-2296 | C67: 134
A68: RA-04A-2748 | C68: 141
A69: RA-04A-6035 | C69: 25
A70: RA-04M-1338 | C70: 111
A71: RA-04M-1339 | C71: 61
A72: RA-04M-2399 | C72: 228
... A85: RA-04V-1708 | C85: 120
A86: RA-04V-1709 | B86: B3-1 | C86: 43
A87: RA-04V-2294 | C87: 24
A88: RA-05A-2721 | C88: 90
A89: RA-05T-0207 | C89: 358
A90: RA-05T-0210 | C90: 83
A91: RA-05T-3926 | C91: 35
A92: RA-05V-0199 | C92: 229
A93: RA-05V-0297 | C93: 234
A94: RA-05V-0513 | C94: 165
A95: RA-05V-1684 | C95: 103
A96: RA-05V-2559 | C96: 50
A97: RA-05V-2651 | C97: 62
A98: RA-06A-1063 | C98: 87
... A100: RA-06A-2143 | C100: 92
A101: RA-06A-2745 | B101: H1 | C101: 224
A102: RA-06A-2760 | C102: 53
A103: RA-06A-2761 | C103: 7
A104: RA-06A-3314 | C104: 104
A105: RA-06A-5004 | C105: 56
A106: RA-06M-0220 | C106: 344
A107: RA-06M-0520 | C107: 171
A108: RA-06M-1688 | C108: 207
A109: RA-06M-2084 | C109: 164
A110: RA-06M-2085 | C110: 119
A111: RA-06M-2298 | C111: 358
A112: RA-06M-2299 | C112: 274
A113: RA-06M-3187 | C113: 67
... A118: RA-06S-5167 | C118: 154
A119: RA-06T-0296 | B119: S | C119: 897
A120: RA-06T-2144 | C120: 128
A121: RA-06T-3940 | C121: 33
A122: RA-06V-0249 | C122: 410
A123: RA-06V-0793 | C123: 134
A124: RA-06V-0794 | C124: 277
A125: RA-06V-0795 | C125: 182
A126: RA-06V-1384 | C126: 143
A127: RA-06V-1517 | C127: 665
A128: RA-06V-1678 | C128: 106
A129: RA-06V-1687 | C129: 95
A130: RA-06V-2140 | C130: 177
A131: RA-06V-2141 | C131: 220
... A135: RA-06V-3749 | C135: 115
A136: RA-07A-1777 | B136: J2-2 | C136: 264
A137: RA-07M-1655 | C137: 100
A138: RA-07M-1658 | B138: J2-1 | C138: 530
A139: RA-07M-1666 | C139: 114
A140: RA-07M-2497 | C140: 74
A141: RA-07M-2783 | C141: 247
A142: RA-07M-2786 | B142: J2-2 | C142: 10
A143: RA-07M-3434 | C143: 221
A144: RA-07S-1653 | C144: 50
A145: RA-07S-1654 | C145: 161
A146: RA-07S-1668 | C146: 100
...

Sheet 위치
B1: 품번 | C1: 자재 내역 | D1: 위치 | E1: 입고업체 | F1: 장비
F2: RFS 200 | G2: OCLV
B3: RA-08M-1887 | C3: RA-08M-1887]FRM Bas CEPH (VW) | D3: E4-2 | E3: 주식회사 다유 (10168) | G3: O
B4: RA-08M-2673 | C4: RA-08M-2673]BRK CEPH AXIS BODY (VW) | D4: E2-2 | E4: 주식회사 다유 (10168) | G4: O
B5: RA-08M-2677 | C5: RA-08M-2677]DRUM SCAN CEPH HEADREST (VW) | D5: E2-2 | E5: 주식회사 다유 (10168) | G5: O
B6: RA-08M-2679 | C6: RA-08M-2679]SHAFT CEPH AXIS BODY (VW) | D6: E1-2 | E6: 주식회사 다유 (10168) | G6: O
B7: RA-08M-2705 | C7: RA-08M-2705]BLK CEPH AXIS BODY TOP (VW) | D7: E1-2 | E7: 주식회사 다유 (10168) | G7: O
B8: RA-08M-2707 | C8: RA-08M-2707]BLK CEPH AXIS BODY REAR (VW) | D8: E1-2 | E8: 주식회사 다유 (10168) | G8: O
B9: RA-08A-0612 | C9: RA-08A-0612]ASM _4HEAD Mdl | D9: E1-6 | G9: O
B10: RA-08M-0623 | C10: RA-08M-0623]PIN STOPPER | D10: E2-1 | G10: O
B11: RA-08M-2670 | C11: RA-08M-2670]ARM CEPH BODY (VW) | D11: E4-4 | G11: O
B12: RA-08V-0604 | C12: RA-08V-0604]STOPPER SCAN CEPH | D12: E1-3 | G12: O
B13: RA-08V-0974 | C13: RA-08V-0974]BRK WIRE MOUNT | D13: E1-3 | G13: O
B14: RA-8-15 | C14: RA-8-15]OCL SIGNAL(V) | D14: G3-3 | G14: O
B15: RA-8-16 | C15: RA-8-16]OCL INTERFACE(V) | D15: G2-3 | G15: O
B16: RA-8-17 | C16: RA-8-17]AC POWER OC(V) | D16: G2-3 | G16: O
B17: RA-08T-0176 | D17: 1층 | G17: O
B18: RA-08T-0177 | D18: S | G18: O
B19: RA-08T-2661 | D19: 1층 | G19: O
B20: C16-626ZZ | C20: C16-626ZZ]BALL B-Ring | D20: C1-1 | E20: 플랜피뎀 (10171) | G20: O
B21: C16-MF128ZZS | C21: C16-MF128ZZS]BALL B-Ring | D21: C1-1 | E21: 플랜피뎀 (10171) | G21: O
B22: RA-08M-0625 | C22: RA-08M-0625]_4M CEPH _4HEAD | D22: E2-1 | E22: 플랜피뎀 (10171) | G22: O
B23: RA-08T-0632 | C23: RA-08T-0632]CAS CEPH _4HEAD BAR | D23: S | E23: 플랜피뎀 (10171) | G23: O
B24: RA-08M-0619 | C24: RA-08M-0619]SHAFT _4HEAD FIX | D24: E2-1 | E24: 주식회사 정호기공 (10232) | G24: O
B25: RA-08M-0624 | C25: RA-08M-0624]BLK CEPH _4HEAD | D25: E2-1 | E25: 주식회사 정호기공 (10232) | G25: O
B26: RA-08M-0707 | C26: RA-08M-0707]CAP EARLOD | D26: E1-1 | E26: 주식회사 정호기공 (10232) | G26: O
B27: RA-08M-0708 | C27: RA-08M-0708]RING EARLOD | D27: E1-1 | E27: 주식회사 정호기공 (10232) | G27: O
B28: RA-08M-0738 | C28: RA-08M-0738]BLK OC _4HEAD FIX | D28: E1-2 | E28: 주식회사 정호기공 (10232) | G28: O
B29: RA-08M-0976 | C29: RA-08M-0976]CEPH SCALE BAR | D29: E1-1 | E29: 주식회사 정호기공 (10232) | G29: O
B30: RA-08S-6076 | C30: RA-08S-6076]VIEWORKS, FXRD-1717VA DET | D30: A11-1 | E30: 주식회사 뷰웍스 (10221) | G30: O
B31: RA-08A-0611 | C31: RA-08A-0611]ASM EARLOD Mdl | D31: E1-6 | E31: 주식회사 다유 (10168) | G31: O
... B62: RA-08V-2691 | C62: RA-08V-2691]HLDR CAS CEPH SNSR BOT (VW) | D62: E2-6 | E62: (주)우주정공 (10229) | G62: O
B63: RA-08A-0744 | G63: O
B64: C16-6808ZZ | C64: C16-6808ZZ]BALL B-Ring | D64: 3M1-4 | G64: O
B65: RA-08M-1225 | C65: RA-08M-1225]STRIPPER BOLT ROLLER | D65: E1-1 | G65: O
B66: RA-08M-0622 | C66: RA-08M-0622]WASHER SCAN CEPH | D66: E2-1 | E66: 주식회사 정호기공 (10232) | G66: O
B67: RA-08M-0975 | C67: RA-08M-0975]SHAFT ROLLER AXIS | D67: E1-2 | E67: 주식회사 정호기공 (10232) | G67: O
B68: RA-08T-1466 | C68: RA-08T-1466]CAS CEPH EAR-ROD | D68: S | E68: (주)진광 (10201) | G68: O
B69: RA-08V-2664 | C69: RA-08V-2664]HLDR CAS CEPH SNSR (RL) (VW) | D69: E2-5 | E69: (주)우주정공 (10229) | G69: O
B70: RA-08V-0361 | C70: RA-08V-0361]HLDR CAS CEPH SNSR BACK | D70: L2-3 | E70: (주)우주정공 (10229) | G70: O
B71: RA-08V-2671 | C71: RA-08V-2671]BRK ROT CAS BRIDGE A (VW) | D71: E1-5 | E71: (주)우주정공 (10229) | G71: O
B72: RF-20A-0357 | C72: MODULE BASE BOTTOM FRAME | D72: 3F3 | F72: O
B73: RF-01S-5046 | C73: RF-01S-5046]DLP ENGINE | D73: 3C7 | E73: 주식회사 클레어옵틱 (10202) | F73: O
B74: RF-10A-2086 | C74: RF-10A-2086]ASM JETSON NANO | D74: A6-3 | E74: 주식회사 케이비엘러먼트 (12181) | F74: O
B75: RF-01S-5049 | C75: RF-01S-5049]Face Lens | D75: 3L4-2 | E75: 주식회사 일루코 (10531) | F75: O
B76: RF-01M-0395 | C76: RF-01M-0395]BLOCK BASE BOTTOM | D76: 3E5 | E76: 주식회사 가나아크릴 (10178) | F76: O
B77: RF-01M-0397 | C77: RF-01M-0397]COVER BOTTOM | D77: 3E5 | E77: 주식회사 가나아크릴 (10178) | F77: O
B78: RF-01M-0398 | C78: RF-01M-0398]COVER TOP | D78: 3E5 | E78: 주식회사 가나아크릴 (10178) | F78: O
B79: RF-01S-5030 | D79: 3B21 | E79: 제이에스티 (10196) | F79: O
B80: RP-00S-5041 | D80: 3B20 | E80: 제이에스티 (10196) | F80: O
B81: RF-01H-5056 | C81: RF-01H-5056]LED PWM harness | D81: 3S3-4 | E81: 에이투케이주식회사 (10169) | F81: O
B82: RF-01H-5070 | C82: RF-01H-5070]Power Switch harness | D82: 3S3-6 | E82: 에이투케이주식회사 (10169) | F82: O
B83: RF-01H-5055 | C83: RF-01H-5055]LED Power harness | D83: 3S3-4 | E83: 에이투케이주식회사 (10169) | F83: O
B84: RF-01H-5054 | C84: RF-01H-5054]DLP Power harness | D84: 3S3-4 | E84: 에이투케이주식회사 (10169) | F84: O
B85: RF-01H-5067 | C85: RF-01H-5067]LED_Right harness | D85: 3S3-5 | E85: 에이투케이주식회사 (10169) | F85: O
B86: RF-01H-5065 | C86: RF-01H-5065]Main Power harness | D86: 3S3-5 | E86: 에이투케이주식회사 (10169) | F86: O
B87: RF-01H-5075 | C87: RF-01H-5075] USB to Cal kit harness | D87: 3S3-6 | E87: 에이투케이주식회사 (10169) | F87: O
B88: RF-01H-5053 | C88: RF-01H-5053]USB to PC harness | D88: 3S3-4 | E88: 에이투케이주식회사 (10169) | F88: O
B89: RF-01H-5052 | C89: RF-01H-5052]USB TO SBC HARNESS | D89: 3S3-4 | E89: 에이투케이주식회사 (10169) | F89: O
B90: RF-01H-5068 | C90: RF-01H-5068]LED_Left harness | D90: 3S3-5 | E90: 에이투케이주식회사 (10169) | F90: O
B91: RF-01H-5069 | C91: RF-01H-5069]LED_Bottom harness | D91: 3S3-5 | E91: 에이투케이주식회사 (10169) | F91: O
B92: RF-01H-5071 | C92: RF-01H-5071]SBC LAN Cable | D92: 3S3-6 | E92: 에이투케이주식회사 (10169) | F92: O
... B102: RF-01B-5036 | C102: RF-01B-5036] LED CENTER BOARD | D102: A16 | E102: RAY CO., LTD (300120) | F102: O
B103: RF-01S-5096 | D103: 3F1 | E103: HIKROBOT(중국) (400077) | F103: O
B104: RF-01S-5084 | C104: RF-01S-5084]CAM Trigger_C harness | D104: 3L3-2 | E104: HIKROBOT(중국) (400077) | F104: O
B105: RF-01S-5085 | C105: RF-01S-5085]FACE CAM | D105: 3F9 | E105: HIKROBOT(중국) (400077) | F105: O
B106: RF-01S-5087 | C106: RF-01S-5087]CAM Cable_Face | D106: 3F1 | E106: HIKROBOT(중국) (400077) | F106: O
B107: RF-01S-5090 | C107: RF-01S-5090]CAM Cable_TEETH_L | D107: 3F10 | E107: HIKROBOT(중국) (400077) | F107: O
B108: RF-01S-5093 | C108: RF-01S-5093]CAM Cable_TEETH_R | D108: 3F10 | E108: HIKROBOT(중국) (400077) | F108: O
B109: RF-01S-5095 | D109: 3F10 | E109: HIKROBOT(중국) (400077) | F109: O
B110: RF-01B-5073 | C110: RF-01B-5073]DMD FPC Cable | D110: A5-3 | E110: DIEN QUANG H.T COMP. LIMITED (400066) | F110: O
B111: RF-01B-5038 | C111: RF-01B-5038] BOTTOM LED BOARD | D111: A6-4 | E111: DIEN QUANG H.T COMP. LIMITED (400066) | F111: O
B112: RF-01B-5039 | C112: RF-01B-5039]POWER HUB Bd | D112: A3-4 | E112: DIEN QUANG H.T COMP. LIMITED (400066) | F112: O
B113: RF-01B-5040 | C113: RF-01B-5040]MAIN Bd | D113: A5-4 | E113: DIEN QUANG H.T COMP. LIMITED (400066) | F113: O
B114: RF-20A-0280 | C114: RF-20A-0280]MODULE DLP MCU BRACKET | D114: 3F2 | E114: A&T MACHINING INVESTMENT TRADN(베트남) (400070) | F114: O
B115: RF-20A-0383 | D115: 3L1-3 | E115: A&T MACHINING INVESTMENT TRADN(베트남) (400070) | F115: O
B116: RF-20A-0382 | D116: 3C6 | E116: A&T MACHINING INVESTMENT TRADN(베트남) (400070) | F116: O
B117: RF-01V-0197 | C117: RF-01V-0197]JETSON BRK | D117: 3F3 | E117: A&T MACHINING INVESTMENT TRADN(베트남) (400070) | F117: O
B118: RF-01M-0269 | C118: RF-01M-0269]FACE CAM BLK_HR | D118: 3L4-4 | E118: A&T MACHINING INVESTMENT TRADN(베트남) (400070) | F118: O
B119: RF-01M-0396 | C119: RF-01M-0396]FRAME PIPE ALIGN | D119: 3C10 | E119: A&T MACHINING INVESTMENT TRADN(베트남) (400070) | F119: O
B120: RF-01V-0208 | C120: RF-01V-0208]FRONT FRM | D120: 3C10 | E120: A&T MACHINING INVESTMENT TRADN(베트남) (400070) | F120: O
B121: RF-01V-0209 | C121: RF-01V-0209]FRONT BRK TOP | D121: 3L4-5 | E121: A&T MACHINING INVESTMENT TRADN(베트남) (400070) | F121: O
B122: RF-01V-0254 | C122: RF-01V-0254]REAR CVR TOP BRK | D122: 3L4-5 | E122: A&T MACHINING INVESTMENT TRADN(베트남) (400070) | F122: O
B123: RF-20A-0279 | C123: RF-20A-0279]Mdl DLP PLT | D123: 3F2 | E123: A&T MACHINING INVESTMENT TRADN(베트남) (400070) | F123: O
B124: RF-20A-0369 | C124: MODULE ARM RIGHT | D124: 3C6 | E124: A&T MACHINING INVESTMENT TRADN(베트남) (400070) | F124: O
B125: RF-20A-0378 | C125: MODULE ARM LEFT | D125: 3C6 | E125: A&T MACHINING INVESTMENT TRADN(베트남) (400070) | F125: O
B126: RF-20A-0381 | D126: 3I5 | E126: A&T MACHINING INVESTMENT TRADN(베트남) (400070) | F126: O
B127: RF-01B-5035 | C127: RF-01B-5035]CONNECTOR Bd | D127: A4-3 | E127: 00000000RAY CO., LTD (300040) | F127: O
B128: RF-01S-5072 | C128: RF-01S-5072]USB 3.0 A to B Cable | D128: 3S3-2 | E128: (주)피에스케이테크놀로지 (10206) | F128: O
B129: RD-00S-5201 | C129: RD-00S-5201]USB A to B Cable | D129: 3S3-2 | E129: (주)피에스케이테크놀로지 (10206) | F129: O
B130: RP-01H-5009 | C130: RP-01H-5009]Lan cable | D130: 3S3-2 | E130: (주)피에스케이테크놀로지 (10206) | F130: O
B131: RF-01G-0252 | C131: RF-01G-0252]MOLDING FRONT MIRROR | D131: 3S3-1 | E131: (주)진광 (10201) | F131: O
B132: RF-01T-0351 | C132: RF-01T-0351]WINDOW LED B | D132: 3E9 | E132: (주)진광 (10201) | F132: O
B133: RF-01T-0352 | C133: RF-01T-0352]CAMERA CASE B | D133: 3E9 | E133: (주)진광 (10201) | F133: O
B134: RF-01T-0354 | C134: RF-01T-0354]CAMERA CASE L | D134: 3E9 | E134: (주)진광 (10201) | F134: O
B135: RF-01T-0355 | C135: RF-01T-0355]CAMERA CASE R | D135: 3E9 | E135: (주)진광 (10201) | F135: O
B136: RF-01M-0200 | C136: RF-01M-0200]MIRROR PLT | D136: 3L4-3 | E136: (주)지엘 (10165) | F136: O
B137: RF-01S-5094 | D137: 3F10 | E137: HIKROBOT(중국) (400077) | F137: O
B138: RD-01G-0502 | C138: RD-01G-0502]SPONGE)UV SNSR | D138: 3S3-1 | E138: 주식회사오성롤테크 (10166) | F138: O
B139: RF-01S-5050 | C139: RF-01S-5050]TEETH LENS | D139: 3L4-2 | E139: 주식회사 일루코 (10531) | F139: O
...

Sheet 연동데이터
A1: Column1 | B1: Column2 | C1: Column3 | D1: Column4 | E1: Column5 | F1: Column6 | G1: Column7 | H1: Column8 | I1: Column9 | J1: Column10 | K1: Column11 | L1: Column12 | M1: Column13 | N1: Column14 | O1: Column15 | P1: Column16 | Q1: Column17 | R1: Column18 | S1: Column19
A3: ■ 구매자재팀 입출고 현황표
I4: 입고수량 | N4: 출고수량
I5: 445979 | N5: 50622
A6: 입고 | M6: 출고
A7: NO | B7: 구분 | C7: 사급 | D7: NEW | E7: 업체 | F7: 담당자 | G7: 품번 | H7: 품명 | I7: 수량 | J7: REV | K7: 위치 | L7: 일자 | M7: 예약번호 | N7: 출고수량 | O7: 출고일 | P7: 잔여수량
A8: 2445 | B8: 출고재고 | G8: RA-3-3B | H8: RA-3-3B]DCM CONTROL-B | I8: 412 | K8: G2-1 | L8: 46301 | M8: 102930 | N8: 30 | O8: 46297 | P8: 382
A9: 2439 | B9: 출고재고 | G9: RA-06M-0432 | H9: RA-06M-0432]FLANGE TUBE TILT SHAFT B | I9: 259 | K9: H4-1 | L9: 46301 | M9: 102930 | N9: 30 | O9: 46297 | P9: 229
A10: 2436 | B10: 출고재고 | G10: RA-06V-0241 | H10: RA-06V-0241]GUIDE TUBE TILT MICRO SW | I10: 501 | K10: H4-3 | L10: 46301 | M10: 102930 | N10: 30 | O10: 46297 | P10: 471
A11: 2437 | B11: 출고재고 | G11: RA-06V-0242 | H11: RA-06V-0242]BRK TUBE TILT MICRO SW | I11: 317 | K11: H3-3 | L11: 46301 | M11: 102930 | N11: 30 | O11: 46297 | P11: 287
A12: 2438 | B12: 출고재고 | G12: RA-06V-0866 | H12: RA-06V-0866]BRK TUBE TILT MICRO SW | I12: 611 | K12: H3-3 | L12: 46301 | M12: 102930 | N12: 30 | O12: 46297 | P12: 581
A13: 2433 | B13: 출고재고 | G13: RA-06V-3253 | H13: RA-06V-3253]HLDR DC GEARED MOT (M+) | I13: 369 | K13: I2-1 | L13: 46301 | M13: 102930 | N13: 30 | O13: 46297 | P13: 339
A14: 2435 | B14: 출고재고 | G14: RA-06A-5005 | H14: RA-06A-5005]Bd ASSY'-DC MOT Bd | I14: 664 | K14: A3-2, A3-3 | L14: 46301 | M14: 102930 | N14: 30 | O14: 46297 | P14: 634
A15: 2434 | B15: 출고재고 | G15: RA-06S-5091 | H15: RA-06S-5091] DC motor(HDSG56-3448C-615) | I15: 324 | K15: Q | L15: 46301 | M15: 102930 | N15: 30 | O15: 46297 | P15: 294
A16: 2395 | B16: 출고재고 | G16: RA-06M-0243 | H16: RA-06M-0243]BLK TUBE TILT LIMIT | I16: 112 | K16: I3-3 | L16: 46301 | M16: 102930 | N16: 60 | O16: 46297 | P16: 52
A17: 2454 | B17: 출고재고 | G17: RA-06M-0244 | H17: RA-06M-0244]PIN TUBE TILT LIMIT | I17: 334 | K17: I3-3 | L17: 46301 | M17: 102930 | N17: 60 | O17: 46297 | P17: 274
A18: 2455 | B18: 출고재고 | G18: RA-06S-5018 | H18: RA-06S-5018]MICRO SWITCH | I18: 220 | K18: A12-3 | L18: 46301 | M18: 102930 | N18: 60 | O18: 46297 | P18: 160
A19: 2051 | B19: 가용재고 | D19: 입고 | E19: 대영하네스 | F19: 유영국 | G19: RA-3-3B | H19: RA-3-3B]DCM CONTROL-B | I19: 300 | K19: G2-1 | L19: 46296 | P19: 300
A20: 1979 | B20: 가용재고 | D20: 입고 | E20: A&T | F20: 장동은 | G20: RA-06M-0243 | H20: RA-06M-0243]BLK TUBE TILT LIMIT | I20: 300 | K20: I3-3 | L20: 46301 | P20: 300
A21: 1981 | B21: 가용재고 | D21: 입고 | E21: A&T | F21: 장동은 | G21: RA-06M-0244 | H21: RA-06M-0244]PIN TUBE TILT LIMIT | I21: 300 | K21: I3-3 | L21: 46301 | P21: 300
A22: 2030 | B22: 가용재고 | D22: 입고 | E22: 대영하네스 | F22: 유영국 | G22: RA-5-2 | H22: RA-5-2_2]EARTH CEPH | I22: 200 | K22: G4 | L22: 46296 | P22: 200
A23: 1355 | B23: 가용재고 | D23: 입고 | E23: 진광 | F23: 장동은 | G23: RA-03A-0315 | H23: RA-03A-0315]ASM CAS CLMN LWR (L) | I23: 300 | K23: V | L23: 46286 | P23: 300
A24: 1354 | B24: 가용재고 | D24: 입고 | E24: 진광 | F24: 장동은 | G24: RA-03A-0314 | H24: RA-03A-0314]ASM CAS CLMN LWR (R) | I24: 300 | K24: V | L24: 46286 | P24: 300
A25: 1961 | B25: 가용재고 | D25: 입고 | E25: A&T | F25: 장동은 | G25: RA-09A-2754 | H25: RA-09A-2754]ASM CT HEADREST (A+) (VN) | I25: 18 | K25: O3 | L25: 46296 | P25: 18
A26: 1962 | B26: 가용재고 | D26: 입고 | E26: A&T | F26: 장동은 | G26: RA-09A-2754 | H26: RA-09A-2754]ASM CT HEADREST (A+) (VN) | I26: 47 | K26: O3 | L26: 46296 | P26: 47
A27: 1960 | B27: 가용재고 | D27: 입고 | E27: A&T | F27: 장동은 | G27: RA-09A-2754 | H27: RA-09A-2754]ASM CT HEADREST (A+) (VN) | I27: 52 | K27: O3 | L27: 46296 | P27: 52
A28: 2040 | B28: 가용재고 | D28: 입고 | E28: 대영하네스 | F28: 유영국 | G28: RA-5-6 | H28: RA-5-6]EARTH SHAFT TO PC | I28: 250 | K28: G4 | L28: 46296 | P28: 250
A29: 2068 | B29: 가용재고 | D29: 입고 | E29: Bach tung | F29: 유영국 | G29: RA-08M-0623 | H29: RA-08M-0623]PIN STOPPER | I29: 100 | K29: E2-1 | L29: 46302 | P29: 100
A30: 707 | B30: 가용재고 | D30: 기초 | G30: RE-03A-1030 | H30: RE-03A-1030]ASM COLUMN MODULE | I30: 0 | K30: K8 | L30: 46275 | P30: 0
A31: 2627 | B31: 가용재고 | D31: 입고 | E31: A&T | F31: 장동은 | G31: RE-03A-1030 | H31: RE-03A-1030]ASM COLUMN MODULE | I31: 3 | K31: K8 | L31: 46302 | P31: 3
A32: 2015 | B32: 가용재고 | D32: 입고 | E32: Bach tung | F32: 유영국 | G32: RE-05A-0512 | H32: RE-05A-0512]ASM ROTATOR WEIGH | I32: 50 | K32: 4F | L32: 46296 | P32: 50
A33: 1947 | B33: 가용재고 | D33: 입고 | E33: 진광 | F33: 장동은 | G33: RE-01T-0104 | H33: RE-01T-0104]RUBBER CAP DECO | I33: 2000 | K33: W | L33: 46297 | P33: 2000
A34: 1709 | B34: 가용재고 | D34: 입고 | E34: 진광 | F34: 장동은 | G34: RE-09T-0902 | H34: RE-09T-0902]CAS CHINREST LOW | I34: 100 | K34: 3A-22 | L34: 46279 | P34: 100
A35: 1147 | B35: 가용재고 | D35: 입고 | E35: 월드덴탈 | F35: 곽동준 | G35: RA-09S-0389 | H35: RA-09S-0389]CVR BITE BLK VINYL CVR | I35: 455 | K35: L1-1 | L35: 46279 | P35: 455
A36: 1941 | B36: 가용재고 | D36: 입고 | E36: 진광 | F36: 장동은 | G36: RE-02T-0247 | H36: RE-02T-0247]CAS VERT TOP | I36: 50 | K36: 3A-14 | L36: 46296 | P36: 50
A37: 1359 | B37: 가용재고 | D37: 입고 | E37: 진광 | F37: 장동은 | G37: RE-04T-0453 | H37: RE-04T-0453]CAP HANDLE B | I37: 80 | K37: 3L14-2 | L37: 46286 | P37: 80
A38: 1360 | B38: 가용재고 | D38: 입고 | E38: 진광 | F38: 장동은 | G38: RE-04T-0453 | H38: RE-04T-0453]CAP HANDLE B | I38: 300 | K38: 3L14-2 | L38: 46286 | P38: 300
A39: 316 | B39: 가용재고 | D39: 기초 | G39: RA-02A-2740 | H39: RA-02A-2740]ASM VERT TOTAL (A+) (VN) | I39: 0 | K39: P | L39: 46253 | P39: 0
A40: 170 | B40: 가용재고 | D40: 기초 | G40: RA-08M-2677 | H40: RA-08M-2677]DRUM SCAN CEPH HEADREST (VW) | I40: 0 | K40: E2-2 | L40: 46232 | P40: 0
A41: 171 | B41: 가용재고 | D41: 기초 | G41: RA-08M-2679 | H41: RA-08M-2679]SHAFT CEPH AXIS BODY (VW) | I41: 0 | K41: E1-2 | L41: 46232 | P41: 0
A42: 172 | B42: 가용재고 | D42: 기초 | G42: RA-08M-2705 | H42: RA-08M-2705]BLK CEPH AXIS BODY TOP (VW) | I42: 0 | K42: E1-2 | L42: 46232 | P42: 0
A43: 174 | B43: 가용재고 | D43: 기초 | G43: RA-08M-2707 | H43: RA-08M-2707]BLK CEPH AXIS BODY REAR (VW) | I43: 0 | K43: E1-2 | L43: 46232 | P43: 0
A44: 236 | B44: 가용재고 | D44: 기초 | G44: RA-08M-1887 | H44: RA-08M-1887]FRM Bas CEPH (VW) | I44: 0 | K44: E4-2 | L44: 46232 | P44: 0
A45: 238 | B45: 가용재고 | D45: 기초 | G45: RA-08M-2673 | H45: RA-08M-2673]BRK CEPH AXIS BODY (VW) | I45: 0 | K45: E2-2 | L45: 46232 | P45: 0
A46: 882 | B46: 가용재고 | D46: 기초 | G46: RA-03V-0062 | H46: RA-03V-0062]PLT CLMN BODY (LWR) | I46: 0 | K46: 3G | L46: 46276 | P46: 0
A47: 883 | B47: 가용재고 | D47: 기초 | G47: RA-05M-3359 | H47: RA-05M-3359]FRM ROT WEIGHT (ST) | I47: 0 | K47: P | L47: 46276 | P47: 0
A48: 884 | B48: 가용재고 | D48: 기초 | G48: RA-06A-2760 | H48: RA-06A-2760]ASM COL MOVING (ST) (VN) | I48: 0 | K48: U | L48: 46276 | P48: 0
A49: 885 | B49: 가용재고 | D49: 기초 | G49: RA-06A-6085 | H49: RA-06A-6085]CAM_LAMP_S6 | I49: 0 | K49: A7-1 | L49: 46276 | P49: 0
A50: 279 | B50: 가용재고 | G50: RA-08T-0177 | H50: 0 | I50: 1 | K50: S | L50: 46232 | P50: 1
A51: 1291 | B51: 가용재고 | G51: RF-01V-0208 | H51: RF-01V-0208]FRONT FRM | I51: 1 | K51: 3C10 | L51: 46287 | P51: 1
A52: 2355 | B52: 가용재고 | G52: RE-05B-5101 | H52: RE-05B-5101]eSUB Bd | I52: 1 | K52: K6-4 | L52: 46296 | P52: 1
A53: 2451 | B53: 가용재고 | G53: RA-5-4 | H53: RA-5-4]EARTH ROT TO TUBE | I53: 1 | K53: G3-2 | L53: 46301 | P53: 1
A54: 1959 | B54: 가용재고 | D54: 입고 | E54: A&T | F54: 장동은 | G54: RA-06A-2139 | H54: RA-06A-2139]ASM BRK FAN SUP (A+) | I54: 2 | K54: N5 | L54: 46296 | P54: 2
A55: 311 | B55: 가용재고 | G55: RA-08M-1887 | H55: RA-08M-1887]FRM Bas CEPH (VW) | I55: 2 | K55: E4-2 | L55: 46233 | P55: 2
A56: 478 | B56: 가용재고 | G56: RF-01M-0398 | H56: RF-01M-0398]COVER TOP | I56: 2 | K56: 3E5 | L56: 46259 | P56: 2
A57: 886 | B57: 가용재고 | D57: 기초 | G57: RA-05M-3801 | H57: RA-05M-3801]FRM ROT Bas (MG) | I57: 2 | K57: T | L57: 46276 | P57: 2
A58: 1258 | B58: 가용재고 | D58: 반납 | G58: RF-01V-0209 | H58: RF-01V-0209]FRONT BRK TOP | I58: 2 | K58: 3L4-5 | L58: 46287 | P58: 2
A59: 1289 | B59: 가용재고 | G59: RF-01T-0255 | H59: RF-01T-0255]CVR FRONT MID R | I59: 2 | K59: 3L3-1 | L59: 46287 | P59: 2
A60: 1984 | B60: 가용재고 | D60: 입고 | E60: A&T | F60: 장동은 | G60: RE-04A-1040 | H60: RE-04A-1040]ASM ARM MODULE | I60: 2 | K60: K8 | L60: 46281 | P60: 2
A61: 2258 | B61: 가용재고 | G61: RF-01S-5085 | H61: RF-01S-5085]FACE CAM | I61: 2 | K61: 3F9 | L61: 46302 | P61: 2
A62: 2352 | B62: 가용재고 | G62: RF-01S-5083 | H62: RF-01S-5083]CAM Trigger_L-R harness | I62: 2 | K62: 3L3-3 | L62: 46295 | P62: 2
A63: 274 | B63: 가용재고 | G63: RA-08A-0611 | H63: RA-08A-0611]ASM EARLOD Mdl | I63: 3 | K63: E1-6 | L63: 46232 | P63: 3
A64: 887 | B64: 가용재고 | D64: 기초 | G64: RA-06A-6084 | H64: RA-06A-6084]CAMP_LAMP_S2 | I64: 3 | K64: A7-1, A7-4 | L64: 46276 | P64: 3
A65: 1952 | B65: 가용재고 | D65: 입고 | E65: A&T | F65: 장동은 | G65: RF-20A-0378 | H65: MODULE ARM LEFT | I65: 3 | K65: 94760 | L65: 46296 | P65: 3
A66: 2088 | B66: 가용재고 | G66: RA-06A-2760 | H66: RA-06A-2760]ASM COL MOVING (ST) (VN) | I66: 3 | K66: U | L66: 46287 | P66: 3
A67: 2264 | B67: 가용재고 | G67: RF-01M-0396 | H67: RF-01M-0396]FRAME PIPE ALIGN | I67: 3 | K67: 3C10 | L67: 46301 | P67: 3
A68: 308 | B68: 가용재고 | G68: RA-08M-2679 | H68: RA-08M-2679]SHAFT CEPH AXIS BODY (VW) | I68: 4 | K68: E1-2 | L68: 46233 | P68: 4
A69: 309 | B69: 가용재고 | G69: RA-08M-2705 | H69: RA-08M-2705]BLK CEPH AXIS BODY TOP (VW) | I69: 4 | K69: E1-2 | L69: 46233 | P69: 4
A70: 310 | B70: 가용재고 | G70: RA-08M-2707 | H70: RA-08M-2707]BLK CEPH AXIS BODY REAR (VW) | I70: 4 | K70: E1-2 | L70: 46233 | P70: 4
A71: 477 | B71: 가용재고 | G71: RF-01V-0209 | H71: RF-01V-0209]FRONT BRK TOP | I71: 5 | K71: 3L4-5 | L71: 46259 | P71: 5
A72: 888 | B72: 가용재고 | D72: 기초 | G72: RA-02V-3848 | H72: RA-02V-3848]CVR VERT UPPER BACK (MG) | I72: 5 | K72: N2-3 | L72: 46276 | P72: 5
A73: 889 | B73: 가용재고 | D73: 기초 | G73: RA-03V-3861 | H73: RA-03V-3861]BRK CLMN FRONT FIX R (MG) | I73: 5 | K73: N3-3 | L73: 46276 | P73: 5
A74: 890 | B74: 가용재고 | D74: 기초 | G74: RA-06S-6059 | H74: RA-06S-6059]CAM | I74: 5 | K74: H2-1 | L74: 46276 | P74: 5
A75: 1710 | B75: 가용재고 | G75: RE-04T-0439 | H75: RE-04T-0439]CAS HEADREST KNOB | I75: 5 | K75: 3L14-2 | L75: 46288 | P75: 5
A76: 239 | B76: 가용재고 | G76: RA-08M-2706 | H76: RA-08M-2706]BLK CEPH AXIS BODY FRONT(VW | I76: 6 | K76: E1-2 | L76: 46232 | P76: 6
A77: 240 | B77: 가용재고 | G77: RA-08M-2708 | H77: RA-08M-2708]SHAFT CEPH AXIS BODY (VW) | I77: 6 | K77: E1-2 | L77: 46232 | P77: 6
A78: 891 | B78: 가용재고 | D78: 기초 | G78: RA-09A-2725 | H78: RA-09A-2725]ASM CT HEADREST (A+) | I78: 6 | K78: N6 | L78: 46276 | P78: 6
A79: 1311 | B79: 가용재고 | G79: RF-01S-5087 | H79: RF-01S-5087]CAM Cable_Face | I79: 6 | K79: 3F1 | L79: 46287 | P79: 6
A80: 1313 | B80: 가용재고 | G80: RF-01B-5040 | H80: RF-01B-5040]MAIN Bd | I80: 6 | K80: A5-4 | L80: 46287 | P80: 6
A81: 1510 | B81: 가용재고 | G81: RA-15-11 | H81: RA-15-11]Fcol MOT Cable B | I81: 6 | K81: G3-7 | L81: 46282 | P81: 6
A82: 2070 | B82: 가용재고 | D82: 입고 | E82: Bach tung | F82: 유영국 | G82: RA-06A-2760 | H82: RA-06A-2760]ASM COL MOVING (ST) (VN) | I82: 6 | K82: U | L82: 46301 | P82: 6
A83: 258 | B83: 가용재고 | G83: RA-08V-2680 | H83: RA-08V-2680]TILT ARM HINGE (VW) | I83: 7 | K83: E1-5 | L83: 46232 | P83: 7
A84: 291 | B84: 가용재고 | G84: RA-08M-2670 | H84: RA-08M-2670]ARM CEPH BODY (VW) | I84: 7 | K84: E4-4 | L84: 46232 | P84: 7
A85: 2441 | B85: 가용재고 | G85: RA-06A-2761 | H85: RA-06A-2761]ASM COL MOVING (A+) (VN) | I85: 7 | K85: U | L85: 46301 | P85: 7
A86: 275 | B86: 가용재고 | G86: RA-08A-0744 | H86: 0 | I86: 8 | K86: 0 | L86: 46232 | P86: 8
A87: 276 | B87: 가용재고 | G87: RA-08A-0745 | H87: RA-08A-0745]ASM OC EARLOD L | I87: 8 | K87: E1-6 | L87: 46232 | P87: 8
A88: 1215 | B88: 가용재고 | D88: 반납 | G88: RF-20A-0357 | H88: MODULE BASE BOTTOM FRAME | I88: 8 | K88: 3F3 | L88: 46287 | P88: 8
A89: 1222 | B89: 가용재고 | D89: 반납 | G89: RF-01B-5073 | H89: RF-01B-5073]DMD FPC Cable | I89: 8 | K89: A5-3 | L89: 46287 | P89: 8
A90: 1366 | B90: 가용재고 | G90: RE-02T-0243 | H90: RE-02T-0243]CAS VERT BOT R | I90: 8 | K90: 3A-14 | L90: 46287 | P90: 8
A91: 2273 | B91: 가용재고 | G91: RF-01H-5054 | H91: RF-01H-5054]DLP Power harness | I91: 8 | K91: 3S3-4 | L91: 46301 | P91: 8
A92: 2296 | B92: 가용재고 | G92: RE-06A-0601 | H92: RE-06A-0601]ASM COLLIMATOR MODULE | I92: 8 | K92: K8 | L92: 46303 | P92: 8
A93: 2348 | B93: 가용재고 | G93: RF-01S-5097 | H93: 0 | I93: 8 | K93: 3F2 | L93: 46301 | P93: 8
A94: 2424 | B94: 가용재고 | G94: RA-06M-0520 | H94: RA-06M-0520]HEATSINK | I94: 8 | K94: M1 | L94: 46301 | P94: 8
A95: 470 | B95: 가용재고 | G95: RF-01H-5052 | H95: RF-01H-5052]USB TO SBC HARNESS | I95: 9 | K95: 3S3-4 | L95: 46259 | P95: 9
A96: 471 | B96: 가용재고 | G96: RF-01T-0356 | H96: RF-01T-0356]RUBBER CAP ARM | I96: 9 | K96: 3L4-2 | L96: 46259 | P96: 9
A97: 1237 | B97: 가용재고 | D97: 반납 | G97: RF-20A-0280 | H97: RF-20A-0280]MODULE DLP MCU BRACKET | I97: 9 | K97: 3F2 | L97: 46287 | P97: 9
A98: 1316 | B98: 가용재고 | G98: RF-10A-2086 | H98: RF-10A-2086]ASM JETSON NANO | I98: 9 | K98: A6-3 | L98: 46287 | P98: 9
A99: 1903 | B99: 가용재고 | G99: RA-06M-3317 | H99: RA-06M-3317]BLK COL FIX UPPER (ST) | I99: 9 | K99: H2-3 | L99: 46295 | P99: 9
A100: 2261 | B100: 가용재고 | G100: RF-01T-0355 | H100: RF-01T-0355]CAMERA CASE R | I100: 9 | K100: 3E9 | L100: 46301 | P100: 9
A101: 2267 | B101: 가용재고 | G101: RD-00S-5201 | H101: RD-00S-5201]USB A to B Cable | I101: 9 | K101: 3S3-2 | L101: 46301 | P101: 9
...

Sheet 입출고현황
B2: ■ 구매자재팀 입출고 현황표
J3: 입고수량 | P3: 출고수량
J4: =IFERROR(INDEX(입출고현황[Column9],4),0) -> 445979 | P4: =IFERROR(IF(INDEX(입출고현황[#All],7,13)="담당자",INDEX(입출고현황[Column15],4),INDEX(입출고현황[Column14],4)),0) -> 50622
B5: 입고 | N5: 출고
B6: NO | C6: 구분 | D6: 사급 | E6: NEW | F6: 업체 | G6: 담당자 | H6: 품번 | I6: 품명 | J6: 수량 | K6: REV | L6: 위치 | M6: 일자 | N6: 담당자 | O6: 예약번호 | P6: 출고수량 | Q6: 출고일 | R6: 잔여수량
B7: {=_xlfn.LET(_xlpm.t,입출고현황[#All],_xlpm.o,INDEX(_xlpm.t,7,13)="담당자",_xlpm.d,_xlfn.DROP(_xlpm.t,7),_xlpm.x,IF(_xlpm.o,_xlfn.TAKE(_xlpm.d,,17),_xlfn.LET(_xlpm.y,_xlfn.TAKE(_xlpm.d,,16),_xlfn.HSTACK(_xlfn.TAKE(_xlpm.y,,12),IF(_xlfn.SEQUENCE(ROWS(_xlpm.y))>0,"",""),_xlfn.DROP(_xlpm.y,,12)))),_xlpm.k,_xlfn.SEQUENCE(,COLUMNS(_xlpm.x)),IF((_xlpm.x=0)*(_xlpm.k<>9)*(_xlpm.k<>17)*(((_xlpm.k<>15)+(_xlpm.k=15)*(INDEX(_xlpm.x,,14)=0))>0),"",_xlpm.x))} -> 2445 | C7: 출고재고 | H7: RA-3-3B | I7: RA-3-3B]DCM CONTROL-B | J7: 412 | L7: G2-1 | M7: 46301 | O7: 102930 | P7: 30 | Q7: 46297 | R7: 382
B8: 2439 | C8: 출고재고 | H8: RA-06M-0432 | I8: RA-06M-0432]FLANGE TUBE TILT SHAFT B | J8: 259 | L8: H4-1 | M8: 46301 | O8: 102930 | P8: 30 | Q8: 46297 | R8: 229
B9: 2436 | C9: 출고재고 | H9: RA-06V-0241 | I9: RA-06V-0241]GUIDE TUBE TILT MICRO SW | J9: 501 | L9: H4-3 | M9: 46301 | O9: 102930 | P9: 30 | Q9: 46297 | R9: 471
B10: 2437 | C10: 출고재고 | H10: RA-06V-0242 | I10: RA-06V-0242]BRK TUBE TILT MICRO SW | J10: 317 | L10: H3-3 | M10: 46301 | O10: 102930 | P10: 30 | Q10: 46297 | R10: 287
B11: 2438 | C11: 출고재고 | H11: RA-06V-0866 | I11: RA-06V-0866]BRK TUBE TILT MICRO SW | J11: 611 | L11: H3-3 | M11: 46301 | O11: 102930 | P11: 30 | Q11: 46297 | R11: 581
B12: 2433 | C12: 출고재고 | H12: RA-06V-3253 | I12: RA-06V-3253]HLDR DC GEARED MOT (M+) | J12: 369 | L12: I2-1 | M12: 46301 | O12: 102930 | P12: 30 | Q12: 46297 | R12: 339
B13: 2435 | C13: 출고재고 | H13: RA-06A-5005 | I13: RA-06A-5005]Bd ASSY'-DC MOT Bd | J13: 664 | L13: A3-2, A3-3 | M13: 46301 | O13: 102930 | P13: 30 | Q13: 46297 | R13: 634
B14: 2434 | C14: 출고재고 | H14: RA-06S-5091 | I14: RA-06S-5091] DC motor(HDSG56-3448C-615) | J14: 324 | L14: Q | M14: 46301 | O14: 102930 | P14: 30 | Q14: 46297 | R14: 294
B15: 2395 | C15: 출고재고 | H15: RA-06M-0243 | I15: RA-06M-0243]BLK TUBE TILT LIMIT | J15: 112 | L15: I3-3 | M15: 46301 | O15: 102930 | P15: 60 | Q15: 46297 | R15: 52
B16: 2454 | C16: 출고재고 | H16: RA-06M-0244 | I16: RA-06M-0244]PIN TUBE TILT LIMIT | J16: 334 | L16: I3-3 | M16: 46301 | O16: 102930 | P16: 60 | Q16: 46297 | R16: 274
B17: 2455 | C17: 출고재고 | H17: RA-06S-5018 | I17: RA-06S-5018]MICRO SWITCH | J17: 220 | L17: A12-3 | M17: 46301 | O17: 102930 | P17: 60 | Q17: 46297 | R17: 160
B18: 2051 | C18: 가용재고 | E18: 입고 | F18: 대영하네스 | G18: 유영국 | H18: RA-3-3B | I18: RA-3-3B]DCM CONTROL-B | J18: 300 | L18: G2-1 | M18: 46296 | R18: 300
B19: 1979 | C19: 가용재고 | E19: 입고 | F19: A&T | G19: 장동은 | H19: RA-06M-0243 | I19: RA-06M-0243]BLK TUBE TILT LIMIT | J19: 300 | L19: I3-3 | M19: 46301 | R19: 300
B20: 1981 | C20: 가용재고 | E20: 입고 | F20: A&T | G20: 장동은 | H20: RA-06M-0244 | I20: RA-06M-0244]PIN TUBE TILT LIMIT | J20: 300 | L20: I3-3 | M20: 46301 | R20: 300
B21: 2030 | C21: 가용재고 | E21: 입고 | F21: 대영하네스 | G21: 유영국 | H21: RA-5-2 | I21: RA-5-2_2]EARTH CEPH | J21: 200 | L21: G4 | M21: 46296 | R21: 200
B22: 1355 | C22: 가용재고 | E22: 입고 | F22: 진광 | G22: 장동은 | H22: RA-03A-0315 | I22: RA-03A-0315]ASM CAS CLMN LWR (L) | J22: 300 | L22: V | M22: 46286 | R22: 300
B23: 1354 | C23: 가용재고 | E23: 입고 | F23: 진광 | G23: 장동은 | H23: RA-03A-0314 | I23: RA-03A-0314]ASM CAS CLMN LWR (R) | J23: 300 | L23: V | M23: 46286 | R23: 300
B24: 1961 | C24: 가용재고 | E24: 입고 | F24: A&T | G24: 장동은 | H24: RA-09A-2754 | I24: RA-09A-2754]ASM CT HEADREST (A+) (VN) | J24: 18 | L24: O3 | M24: 46296 | R24: 18
B25: 1962 | C25: 가용재고 | E25: 입고 | F25: A&T | G25: 장동은 | H25: RA-09A-2754 | I25: RA-09A-2754]ASM CT HEADREST (A+) (VN) | J25: 47 | L25: O3 | M25: 46296 | R25: 47
B26: 1960 | C26: 가용재고 | E26: 입고 | F26: A&T | G26: 장동은 | H26: RA-09A-2754 | I26: RA-09A-2754]ASM CT HEADREST (A+) (VN) | J26: 52 | L26: O3 | M26: 46296 | R26: 52
B27: 2040 | C27: 가용재고 | E27: 입고 | F27: 대영하네스 | G27: 유영국 | H27: RA-5-6 | I27: RA-5-6]EARTH SHAFT TO PC | J27: 250 | L27: G4 | M27: 46296 | R27: 250
B28: 2068 | C28: 가용재고 | E28: 입고 | F28: Bach tung | G28: 유영국 | H28: RA-08M-0623 | I28: RA-08M-0623]PIN STOPPER | J28: 100 | L28: E2-1 | M28: 46302 | R28: 100
B29: 707 | C29: 가용재고 | E29: 기초 | H29: RE-03A-1030 | I29: RE-03A-1030]ASM COLUMN MODULE | J29: 0 | L29: K8 | M29: 46275 | R29: 0
B30: 2627 | C30: 가용재고 | E30: 입고 | F30: A&T | G30: 장동은 | H30: RE-03A-1030 | I30: RE-03A-1030]ASM COLUMN MODULE | J30: 3 | L30: K8 | M30: 46302 | R30: 3
B31: 2015 | C31: 가용재고 | E31: 입고 | F31: Bach tung | G31: 유영국 | H31: RE-05A-0512 | I31: RE-05A-0512]ASM ROTATOR WEIGH | J31: 50 | L31: 4F | M31: 46296 | R31: 50
B32: 1947 | C32: 가용재고 | E32: 입고 | F32: 진광 | G32: 장동은 | H32: RE-01T-0104 | I32: RE-01T-0104]RUBBER CAP DECO | J32: 2000 | L32: W | M32: 46297 | R32: 2000
B33: 1709 | C33: 가용재고 | E33: 입고 | F33: 진광 | G33: 장동은 | H33: RE-09T-0902 | I33: RE-09T-0902]CAS CHINREST LOW | J33: 100 | L33: 3A-22 | M33: 46279 | R33: 100
B34: 1147 | C34: 가용재고 | E34: 입고 | F34: 월드덴탈 | G34: 곽동준 | H34: RA-09S-0389 | I34: RA-09S-0389]CVR BITE BLK VINYL CVR | J34: 455 | L34: L1-1 | M34: 46279 | R34: 455
B35: 1941 | C35: 가용재고 | E35: 입고 | F35: 진광 | G35: 장동은 | H35: RE-02T-0247 | I35: RE-02T-0247]CAS VERT TOP | J35: 50 | L35: 3A-14 | M35: 46296 | R35: 50
B36: 1359 | C36: 가용재고 | E36: 입고 | F36: 진광 | G36: 장동은 | H36: RE-04T-0453 | I36: RE-04T-0453]CAP HANDLE B | J36: 80 | L36: 3L14-2 | M36: 46286 | R36: 80
B37: 1360 | C37: 가용재고 | E37: 입고 | F37: 진광 | G37: 장동은 | H37: RE-04T-0453 | I37: RE-04T-0453]CAP HANDLE B | J37: 300 | L37: 3L14-2 | M37: 46286 | R37: 300
B38: 316 | C38: 가용재고 | E38: 기초 | H38: RA-02A-2740 | I38: RA-02A-2740]ASM VERT TOTAL (A+) (VN) | J38: 0 | L38: P | M38: 46253 | R38: 0
B39: 170 | C39: 가용재고 | E39: 기초 | H39: RA-08M-2677 | I39: RA-08M-2677]DRUM SCAN CEPH HEADREST (VW) | J39: 0 | L39: E2-2 | M39: 46232 | R39: 0
B40: 171 | C40: 가용재고 | E40: 기초 | H40: RA-08M-2679 | I40: RA-08M-2679]SHAFT CEPH AXIS BODY (VW) | J40: 0 | L40: E1-2 | M40: 46232 | R40: 0
B41: 172 | C41: 가용재고 | E41: 기초 | H41: RA-08M-2705 | I41: RA-08M-2705]BLK CEPH AXIS BODY TOP (VW) | J41: 0 | L41: E1-2 | M41: 46232 | R41: 0
B42: 174 | C42: 가용재고 | E42: 기초 | H42: RA-08M-2707 | I42: RA-08M-2707]BLK CEPH AXIS BODY REAR (VW) | J42: 0 | L42: E1-2 | M42: 46232 | R42: 0
B43: 236 | C43: 가용재고 | E43: 기초 | H43: RA-08M-1887 | I43: RA-08M-1887]FRM Bas CEPH (VW) | J43: 0 | L43: E4-2 | M43: 46232 | R43: 0
B44: 238 | C44: 가용재고 | E44: 기초 | H44: RA-08M-2673 | I44: RA-08M-2673]BRK CEPH AXIS BODY (VW) | J44: 0 | L44: E2-2 | M44: 46232 | R44: 0
B45: 882 | C45: 가용재고 | E45: 기초 | H45: RA-03V-0062 | I45: RA-03V-0062]PLT CLMN BODY (LWR) | J45: 0 | L45: 3G | M45: 46276 | R45: 0
B46: 883 | C46: 가용재고 | E46: 기초 | H46: RA-05M-3359 | I46: RA-05M-3359]FRM ROT WEIGHT (ST) | J46: 0 | L46: P | M46: 46276 | R46: 0
B47: 884 | C47: 가용재고 | E47: 기초 | H47: RA-06A-2760 | I47: RA-06A-2760]ASM COL MOVING (ST) (VN) | J47: 0 | L47: U | M47: 46276 | R47: 0
B48: 885 | C48: 가용재고 | E48: 기초 | H48: RA-06A-6085 | I48: RA-06A-6085]CAM_LAMP_S6 | J48: 0 | L48: A7-1 | M48: 46276 | R48: 0
B49: 279 | C49: 가용재고 | H49: RA-08T-0177 | J49: 1 | L49: S | M49: 46232 | R49: 1
B50: 1291 | C50: 가용재고 | H50: RF-01V-0208 | I50: RF-01V-0208]FRONT FRM | J50: 1 | L50: 3C10 | M50: 46287 | R50: 1
B51: 2355 | C51: 가용재고 | H51: RE-05B-5101 | I51: RE-05B-5101]eSUB Bd | J51: 1 | L51: K6-4 | M51: 46296 | R51: 1
B52: 2451 | C52: 가용재고 | H52: RA-5-4 | I52: RA-5-4]EARTH ROT TO TUBE | J52: 1 | L52: G3-2 | M52: 46301 | R52: 1
B53: 1959 | C53: 가용재고 | E53: 입고 | F53: A&T | G53: 장동은 | H53: RA-06A-2139 | I53: RA-06A-2139]ASM BRK FAN SUP (A+) | J53: 2 | L53: N5 | M53: 46296 | R53: 2
B54: 311 | C54: 가용재고 | H54: RA-08M-1887 | I54: RA-08M-1887]FRM Bas CEPH (VW) | J54: 2 | L54: E4-2 | M54: 46233 | R54: 2
B55: 478 | C55: 가용재고 | H55: RF-01M-0398 | I55: RF-01M-0398]COVER TOP | J55: 2 | L55: 3E5 | M55: 46259 | R55: 2
B56: 886 | C56: 가용재고 | E56: 기초 | H56: RA-05M-3801 | I56: RA-05M-3801]FRM ROT Bas (MG) | J56: 2 | L56: T | M56: 46276 | R56: 2
B57: 1258 | C57: 가용재고 | E57: 반납 | H57: RF-01V-0209 | I57: RF-01V-0209]FRONT BRK TOP | J57: 2 | L57: 3L4-5 | M57: 46287 | R57: 2
B58: 1289 | C58: 가용재고 | H58: RF-01T-0255 | I58: RF-01T-0255]CVR FRONT MID R | J58: 2 | L58: 3L3-1 | M58: 46287 | R58: 2
B59: 1984 | C59: 가용재고 | E59: 입고 | F59: A&T | G59: 장동은 | H59: RE-04A-1040 | I59: RE-04A-1040]ASM ARM MODULE | J59: 2 | L59: K8 | M59: 46281 | R59: 2
B60: 2258 | C60: 가용재고 | H60: RF-01S-5085 | I60: RF-01S-5085]FACE CAM | J60: 2 | L60: 3F9 | M60: 46302 | R60: 2
B61: 2352 | C61: 가용재고 | H61: RF-01S-5083 | I61: RF-01S-5083]CAM Trigger_L-R harness | J61: 2 | L61: 3L3-3 | M61: 46295 | R61: 2
B62: 274 | C62: 가용재고 | H62: RA-08A-0611 | I62: RA-08A-0611]ASM EARLOD Mdl | J62: 3 | L62: E1-6 | M62: 46232 | R62: 3
B63: 887 | C63: 가용재고 | E63: 기초 | H63: RA-06A-6084 | I63: RA-06A-6084]CAMP_LAMP_S2 | J63: 3 | L63: A7-1, A7-4 | M63: 46276 | R63: 3
B64: 1952 | C64: 가용재고 | E64: 입고 | F64: A&T | G64: 장동은 | H64: RF-20A-0378 | I64: MODULE ARM LEFT | J64: 3 | L64: 94760 | M64: 46296 | R64: 3
B65: 2088 | C65: 가용재고 | H65: RA-06A-2760 | I65: RA-06A-2760]ASM COL MOVING (ST) (VN) | J65: 3 | L65: U | M65: 46287 | R65: 3
B66: 2264 | C66: 가용재고 | H66: RF-01M-0396 | I66: RF-01M-0396]FRAME PIPE ALIGN | J66: 3 | L66: 3C10 | M66: 46301 | R66: 3
B67: 308 | C67: 가용재고 | H67: RA-08M-2679 | I67: RA-08M-2679]SHAFT CEPH AXIS BODY (VW) | J67: 4 | L67: E1-2 | M67: 46233 | R67: 4
B68: 309 | C68: 가용재고 | H68: RA-08M-2705 | I68: RA-08M-2705]BLK CEPH AXIS BODY TOP (VW) | J68: 4 | L68: E1-2 | M68: 46233 | R68: 4
B69: 310 | C69: 가용재고 | H69: RA-08M-2707 | I69: RA-08M-2707]BLK CEPH AXIS BODY REAR (VW) | J69: 4 | L69: E1-2 | M69: 46233 | R69: 4
B70: 477 | C70: 가용재고 | H70: RF-01V-0209 | I70: RF-01V-0209]FRONT BRK TOP | J70: 5 | L70: 3L4-5 | M70: 46259 | R70: 5
B71: 888 | C71: 가용재고 | E71: 기초 | H71: RA-02V-3848 | I71: RA-02V-3848]CVR VERT UPPER BACK (MG) | J71: 5 | L71: N2-3 | M71: 46276 | R71: 5
B72: 889 | C72: 가용재고 | E72: 기초 | H72: RA-03V-3861 | I72: RA-03V-3861]BRK CLMN FRONT FIX R (MG) | J72: 5 | L72: N3-3 | M72: 46276 | R72: 5
B73: 890 | C73: 가용재고 | E73: 기초 | H73: RA-06S-6059 | I73: RA-06S-6059]CAM | J73: 5 | L73: H2-1 | M73: 46276 | R73: 5
B74: 1710 | C74: 가용재고 | H74: RE-04T-0439 | I74: RE-04T-0439]CAS HEADREST KNOB | J74: 5 | L74: 3L14-2 | M74: 46288 | R74: 5
B75: 239 | C75: 가용재고 | H75: RA-08M-2706 | I75: RA-08M-2706]BLK CEPH AXIS BODY FRONT(VW | J75: 6 | L75: E1-2 | M75: 46232 | R75: 6
B76: 240 | C76: 가용재고 | H76: RA-08M-2708 | I76: RA-08M-2708]SHAFT CEPH AXIS BODY (VW) | J76: 6 | L76: E1-2 | M76: 46232 | R76: 6
B77: 891 | C77: 가용재고 | E77: 기초 | H77: RA-09A-2725 | I77: RA-09A-2725]ASM CT HEADREST (A+) | J77: 6 | L77: N6 | M77: 46276 | R77: 6
B78: 1311 | C78: 가용재고 | H78: RF-01S-5087 | I78: RF-01S-5087]CAM Cable_Face | J78: 6 | L78: 3F1 | M78: 46287 | R78: 6
B79: 1313 | C79: 가용재고 | H79: RF-01B-5040 | I79: RF-01B-5040]MAIN Bd | J79: 6 | L79: A5-4 | M79: 46287 | R79: 6
B80: 1510 | C80: 가용재고 | H80: RA-15-11 | I80: RA-15-11]Fcol MOT Cable B | J80: 6 | L80: G3-7 | M80: 46282 | R80: 6
B81: 2070 | C81: 가용재고 | E81: 입고 | F81: Bach tung | G81: 유영국 | H81: RA-06A-2760 | I81: RA-06A-2760]ASM COL MOVING (ST) (VN) | J81: 6 | L81: U | M81: 46301 | R81: 6
B82: 258 | C82: 가용재고 | H82: RA-08V-2680 | I82: RA-08V-2680]TILT ARM HINGE (VW) | J82: 7 | L82: E1-5 | M82: 46232 | R82: 7
B83: 291 | C83: 가용재고 | H83: RA-08M-2670 | I83: RA-08M-2670]ARM CEPH BODY (VW) | J83: 7 | L83: E4-4 | M83: 46232 | R83: 7
B84: 2441 | C84: 가용재고 | H84: RA-06A-2761 | I84: RA-06A-2761]ASM COL MOVING (A+) (VN) | J84: 7 | L84: U | M84: 46301 | R84: 7
B85: 275 | C85: 가용재고 | H85: RA-08A-0744 | J85: 8 | M85: 46232 | R85: 8
B86: 276 | C86: 가용재고 | H86: RA-08A-0745 | I86: RA-08A-0745]ASM OC EARLOD L | J86: 8 | L86: E1-6 | M86: 46232 | R86: 8
B87: 1215 | C87: 가용재고 | E87: 반납 | H87: RF-20A-0357 | I87: MODULE BASE BOTTOM FRAME | J87: 8 | L87: 3F3 | M87: 46287 | R87: 8
B88: 1222 | C88: 가용재고 | E88: 반납 | H88: RF-01B-5073 | I88: RF-01B-5073]DMD FPC Cable | J88: 8 | L88: A5-3 | M88: 46287 | R88: 8
B89: 1366 | C89: 가용재고 | H89: RE-02T-0243 | I89: RE-02T-0243]CAS VERT BOT R | J89: 8 | L89: 3A-14 | M89: 46287 | R89: 8
B90: 2273 | C90: 가용재고 | H90: RF-01H-5054 | I90: RF-01H-5054]DLP Power harness | J90: 8 | L90: 3S3-4 | M90: 46301 | R90: 8
B91: 2296 | C91: 가용재고 | H91: RE-06A-0601 | I91: RE-06A-0601]ASM COLLIMATOR MODULE | J91: 8 | L91: K8 | M91: 46303 | R91: 8
B92: 2348 | C92: 가용재고 | H92: RF-01S-5097 | J92: 8 | L92: 3F2 | M92: 46301 | R92: 8
B93: 2424 | C93: 가용재고 | H93: RA-06M-0520 | I93: RA-06M-0520]HEATSINK | J93: 8 | L93: M1 | M93: 46301 | R93: 8
B94: 470 | C94: 가용재고 | H94: RF-01H-5052 | I94: RF-01H-5052]USB TO SBC HARNESS | J94: 9 | L94: 3S3-4 | M94: 46259 | R94: 9
B95: 471 | C95: 가용재고 | H95: RF-01T-0356 | I95: RF-01T-0356]RUBBER CAP ARM | J95: 9 | L95: 3L4-2 | M95: 46259 | R95: 9
B96: 1237 | C96: 가용재고 | E96: 반납 | H96: RF-20A-0280 | I96: RF-20A-0280]MODULE DLP MCU BRACKET | J96: 9 | L96: 3F2 | M96: 46287 | R96: 9
B97: 1316 | C97: 가용재고 | H97: RF-10A-2086 | I97: RF-10A-2086]ASM JETSON NANO | J97: 9 | L97: A6-3 | M97: 46287 | R97: 9
B98: 1903 | C98: 가용재고 | H98: RA-06M-3317 | I98: RA-06M-3317]BLK COL FIX UPPER (ST) | J98: 9 | L98: H2-3 | M98: 46295 | R98: 9
B99: 2261 | C99: 가용재고 | H99: RF-01T-0355 | I99: RF-01T-0355]CAMERA CASE R | J99: 9 | L99: 3E9 | M99: 46301 | R99: 9
B100: 2267 | C100: 가용재고 | H100: RD-00S-5201 | I100: RD-00S-5201]USB A to B Cable | J100: 9 | L100: 3S3-2 | M100: 46301 | R100: 9
B101: 2295 | C101: 가용재고 | H101: RE-06A-0630 | I101: RE-06A-0630]ASM TUBE SHAFT BRASS | J101: 9 | L101: K7-2 | M101: 46303 | R101: 9
...

Sheet 리스트
B2: 구분 | C2: 품번 | D2: 비고
B3: 3D(VERTICAL, ROTATOR) | C3: RA-10-2 | E3: 2순위재고실사
B4: 3D(VERTICAL, ROTATOR) | C4: RA-05V-2651 | E4: 2순위재고실사
B5: 3D(VERTICAL, ROTATOR) | C5: RA-05V-0513 | E5: 2순위재고실사
B6: 3D(VERTICAL, ROTATOR) | C6: RA-05V-2653 | E6: 2순위재고실사
B7: 3D(VERTICAL, ROTATOR) | C7: RA-05M-2907 | D7: 파렛트화 | E7: 1순위 재고실사
B8: 3D(VERTICAL, ROTATOR) | C8: RA-02A-2741 | D8: 파렛트화 | E8: 1순위 재고실사
B9: 3D(VERTICAL, ROTATOR) | C9: RA-05A-2721 | D9: 파렛트화 | E9: 1순위 재고실사
B10: 3D(VERTICAL, ROTATOR) | C10: RA-05V-0501 | E10: 2순위재고실사
B11: 3D(VERTICAL, ROTATOR) | C11: RA-05A-6112 | E11: 2순위재고실사

Sheet 입고 프로세스
B2: *현 프로세스를 진행시 실물과 전산과 엑셀파일은 항시 같이 완료 되어야 하며
B3: 각 진행 업무가 끝나면 다른 업무를 지원 또는 진행 해야 합니다.
B5: [입고 프로세스]
B6: 1. 업체로부터 입고품 인수
B7: - 거래명세서 및 실물 수량 확인
B8: - 모든 자재들은 거래명세서가 실물전달시 같이 전달 되어야 하며
B9: 실물과 전달이 안된다면, 실물 도착전 메일상으로 전달 받아야함
B11: 2. 입고자재 품질팀 전달
B12: - 실물 품질팀 전달 및 SAP 입고 진행
B13: - 검사품목이 아닌 경우 SL01로 입고를 잡거나,
B14: SL11로 입고를 잡고 바로 SL01로 이동전기 진행
B16: 3. 검사 완료품 지정 장소로 실물 이동
... B26: - SAP 이동전기 진행 및 입출고 현황파일에 출고내역 작성

Sheet Sheet1
C2: 기준 | E2: 출고
C3: C16-626ZZ | E3: C16-626ZZ | F3: =C3=E3 -> TRUE
C4: C16-6808ZZ | E4: C16-6808ZZ | F4: =C4=E4 -> TRUE
C5: C16-MF128ZZS | E5: C16-MF128ZZS | F5: =C5=E5 -> TRUE
C6: RA-04S-0977 | E6: RA-04S-0977 | F6: =C6=E6 -> TRUE
C7: RA-06V-1509 | E7: RA-06V-1509 | F7: =C7=E7 -> TRUE
C8: RA-08A-0611 | E8: RA-08A-0611 | F8: =C8=E8 -> TRUE
C9: RA-08A-0612 | E9: RA-08A-0612 | F9: =C9=E9 -> TRUE
E10: RA-08A-0744 | F10: =C10=E10 -> FALSE
C11: RA-08A-0745 | E11: RA-08A-0745 | F11: =C11=E11 -> TRUE
C12: RA-08M-0619 | E12: RA-08M-0619 | F12: =C12=E12 -> TRUE
C13: RA-08M-0620 | E13: RA-08M-0620 | F13: =C13=E13 -> TRUE
C14: RA-08M-0622 | E14: RA-08M-0622 | F14: =C14=E14 -> TRUE
C15: RA-08M-0623 | E15: RA-08M-0623 | F15: =C15=E15 -> TRUE
C16: RA-08M-0624 | E16: RA-08M-0624 | F16: =C16=E16 -> TRUE
C17: RA-08M-0625 | E17: RA-08M-0625 | F17: =C17=E17 -> TRUE
C18: RA-08M-0707 | E18: RA-08M-0707 | F18: =C18=E18 -> TRUE
C19: RA-08M-0708 | E19: RA-08M-0708 | F19: =C19=E19 -> TRUE
C20: RA-08M-0738 | E20: RA-08M-0738 | F20: =C20=E20 -> TRUE
C21: RA-08M-0975 | E21: RA-08M-0975 | F21: =C21=E21 -> TRUE
C22: RA-08M-0976 | E22: RA-08M-0976 | F22: =C22=E22 -> TRUE
... C71: RA-9-12 | E71: RA-9-12 | F71: =C71=E71 -> TRUE
